time_point,number,volume_mean,volume_sd,surface_mean,surface_sd,aspect_ratio_mean,aspect_ratio_sd,solidity_mean,solidity_sd,centroid_mean,centroid_sd
1,2,7827.200000000001,4058.8800000000006,2787.8400000000006,1082.8800000000003,1.474565889339242,0.03684283647476383,0.8600998197466263,0.013415469614000364,11.583303846841957,4.037275479282527
2,2,7828.480000000001,4029.4400000000005,2783.3600000000006,1074.56,1.4534804155448735,0.024581792149174664,0.8630715707115487,0.009742921493210432,11.498789003508806,4.5738053637127205
3,2,7864.3200000000015,4165.120000000001,2811.5200000000004,1114.24,1.4906417275556563,0.020295057590066,0.8369708733736847,0.011481250456408965,11.643317422622307,5.669724787158106
4,2,7875.200000000002,4652.160000000001,2819.2000000000007,1285.7600000000002,1.5445677079163742,0.014426687006749872,0.8154322745568789,0.006090773791182114,11.607171786185832,6.073088621758812
5,2,7976.3200000000015,4513.920000000001,2831.3600000000006,1239.0400000000002,1.5208698788509656,0.002551030462723425,0.8171554495344764,0.0004856681851959088,11.701010321075973,6.251613790821334
6,2,8013.440000000001,4426.88,2855.0400000000004,1233.2800000000002,1.5251339203665657,0.021530666898693207,0.8182491234001785,0.007673245095216663,12.256770951809642,6.878352953482264
7,2,8034.560000000002,4835.840000000001,2853.1200000000003,1368.3200000000002,1.462824710194767,0.06696858782558801,0.822590129300423,0.004368729496351975,12.767362412757823,7.595837071851661
8,2,8115.840000000002,4821.120000000001,2901.120000000001,1348.4800000000005,1.5126631132036708,0.0010368545815502284,0.7986618300201047,0.01738842178040434,13.324527578296497,7.786494225506051
9,2,8208.640000000001,4872.960000000001,2937.6000000000004,1392.6400000000003,1.498424895017818,0.022990222194917087,0.8069897964168341,0.004172895008383359,13.954343826245253,7.709968395826549
10,2,8313.600000000002,4835.840000000001,2979.2000000000007,1365.1200000000001,1.5180490789890122,0.04161850005994294,0.8055720278825662,0.0017886450932487197,15.261016426074502,7.104527636185008
11,2,8382.080000000002,4572.800000000001,3013.7600000000007,1284.4800000000002,1.4804436694975927,0.08244991916711097,0.8215956365473029,0.006620989875601557,16.80297860616636,7.367418997589927
12,2,8371.84,871.04,3120.640000000001,337.9200000000001,1.803967414182101,0.23735684858630823,0.7956824635573285,0.04475007052823793,15.092928962807107,1.8736194822785706
13,2,8343.04,934.4000000000005,3096.9600000000005,348.8000000000002,1.7568644838622047,0.273324006462658,0.8136584622412808,0.027719542680165354,17.072229799227337,1.1837097227497315
14,2,8465.280000000002,723.8400000000006,3180.1600000000008,248.96000000000004,1.6706851331100738,0.23735323169291334,0.8032791216805379,0.005841747652320317,18.92473137057288,0.8132947899064042
15,2,8547.2,640.6400000000003,3201.920000000001,154.24,1.6064230005807092,0.1621324615383538,0.8108688397317925,0.006030130054373195,20.365464376636126,0.8560599504519004
16,2,8325.120000000003,1406.7200000000003,3116.1600000000008,357.76,1.5617217806758825,0.18654726432498758,0.832564658567658,0.023137832847553386,22.057735965398383,1.6353049421807917
17,2,7623.680000000001,2342.4000000000005,3020.8,729.6000000000001,1.5773216335367766,0.2671743049470323,0.7888986188778642,4.412971377742991e-05,23.132058663430264,2.9031849584664364
18,2,7507.200000000001,1377.2800000000002,2957.4400000000005,414.0799999999999,1.613346614899903,0.2466200563845774,0.8128559787177729,0.011868960157532638,21.973976740366822,2.085844336249899
19,2,7805.440000000002,1418.2400000000002,3053.4400000000005,485.7600000000002,1.6357203808945986,0.28548793049266685,0.8000650295046472,0.016024497522379832,16.83858752832622,2.546344477836506
20,2,5531.52,1498.2400000000002,2216.3200000000006,334.72,1.8182700096692792,0.04631133996599379,0.834446111616944,0.047555773002467494,12.070496870477388,6.212950969553108
21,1,7479.040000000002,0.0,2935.0400000000004,0.0,1.8371691880132102,0.0,0.8263494967978042,0.0,7.041968916438686,0.0
22,1,8480.000000000002,0.0,3475.2000000000007,0.0,1.6743279098903114,0.0,0.7650330727600722,0.0,6.841695227653969,0.0
23,1,8120.3200000000015,0.0,3101.4400000000005,0.0,1.9056889094786464,0.0,0.8321642429426861,0.0,7.34450125740246,0.0
24,1,8384.000000000002,0.0,3063.0400000000004,0.0,1.9324696435478705,0.0,0.8673575129533678,0.0,7.385627992322864,0.0
25,1,9424.640000000001,0.0,3418.8800000000006,0.0,1.9068370439022686,0.0,0.8494922903347123,0.0,8.113308050512016,0.0
26,1,9203.200000000003,0.0,3247.3600000000006,0.0,2.1014537587806164,0.0,0.8493510506798516,0.0,8.377962337490464,0.0
27,1,8811.520000000002,0.0,3274.2400000000007,0.0,2.1499680688269303,0.0,0.8413804147649931,0.0,8.28500549713494,0.0
28,1,7223.040000000002,0.0,2754.5600000000004,0.0,2.268664746211941,0.0,0.8635502840625935,0.0,7.811799703669362,0.0
29,2,3255.040000000001,80.6400000000001,1436.1600000000003,35.84000000000003,2.2272763021114557,0.138385459081535,0.900073366315568,0.01807770471036202,14.539047952482147,2.8481718575270074
30,2,2628.4800000000005,120.96000000000004,1230.7200000000003,46.72000000000003,2.4781740951399858,0.01628824011524399,0.9040672462344624,0.0025841953870048284,20.22973933476362,1.1887392785711395
31,2,3581.4400000000005,115.20000000000005,1536.6400000000003,26.24000000000001,2.1233236603459726,0.13101207252202063,0.9113842246526216,0.019264544922322435,22.509576288012976,1.8005094799727885
32,2,4142.720000000001,48.00000000000023,1688.3200000000002,28.159999999999968,1.956356170337698,0.024703365807097644,0.9162610506774731,0.008888649921329372,24.615217469619473,2.644896485143006
33,2,4759.680000000001,48.0,1847.6800000000003,18.56000000000006,1.8611066431774348,0.032402413584754486,0.929171412798306,0.002103973066844289,24.12792293202222,1.8730169030975574
34,2,5368.960000000001,96.64000000000033,2023.6800000000003,25.59999999999991,1.8629901615151472,0.016353717464369533,0.9150828006972691,8.280069726901429e-05,24.304271991917823,1.550010358358719
35,2,5850.880000000001,122.88000000000011,2145.92,35.200000000000045,1.8142717305108744,0.029032938658438034,0.916436771804026,0.007490239247117614,25.35275364232072,1.2779508936628385
36,2,6241.280000000002,17.920000000000073,2261.76,19.200000000000045,1.7413740275613239,0.03301846070475378,0.9135490235336374,0.0010776967196812204,26.748873153320666,0.5139879559323184
37,2,6693.760000000002,96.63999999999987,2375.6800000000003,20.480000000000018,1.7267017082032343,0.017355281253487176,0.9279282579982804,0.004994397716983179,27.38422980120333,0.17749417550330193
38,2,6944.000000000002,171.51999999999998,2434.5600000000004,62.72000000000003,1.7344303399350143,0.04027912794478827,0.9227117145541057,0.005676435667494428,27.02021284485001,0.42186545283786003
39,2,7199.3600000000015,145.27999999999975,2515.84,58.24000000000001,1.7241913567587026,0.008646941418297915,0.9235752303668276,0.002243437487928379,26.056775689393262,0.4445496375180671
40,2,7486.080000000002,306.55999999999995,2589.4400000000005,80.63999999999987,1.7412426481344672,0.01834251237494311,0.9142400077007058,0.006820583084655607,24.47108123404805,0.7078778645825743
41,2,7607.680000000002,310.4000000000001,2611.84,104.31999999999994,1.7026977406025159,0.03015847748260847,0.9285959588445596,0.004881362969695324,22.8944623744224,0.9323147868926327
42,2,7710.080000000002,306.55999999999995,2636.1600000000003,88.96000000000004,1.7171319858460221,0.013011401159420455,0.9151978869663246,0.006803188880904976,21.43562914820345,1.0924743376246937
43,2,7825.920000000002,172.79999999999973,2683.5200000000004,60.799999999999955,1.7009862527004982,0.03489888590618573,0.9153800469467229,0.0056070953178976035,19.92488372233821,1.5142308750061986
44,2,7920.000000000002,184.96000000000004,2691.8400000000006,64.0,1.7041967832179044,0.04092016292377776,0.9216531206309873,0.007907014711984184,18.948792981259025,1.9607837090601503
45,2,8026.880000000002,154.8800000000001,2720.0000000000005,55.039999999999964,1.6958209215199995,0.049764327056460944,0.9249384727184531,0.004315829384797409,18.470676449012807,2.170209515547336
46,2,7996.160000000002,84.48000000000002,2720.0000000000005,28.159999999999854,1.7037345213783108,0.0715237776096338,0.9191758678399626,0.005369315577872125,18.13348245113984,2.0302796671585437
47,2,7997.440000000001,17.920000000000073,2709.76,15.3599999999999,1.7003535024151226,0.07120132139963864,0.9285182389073814,0.0040904567447925255,17.83722165397002,2.5985468875342193
48,2,8084.480000000001,7.679999999999836,2743.6800000000003,13.439999999999827,1.708907377100947,0.08976963793130066,0.923621029437862,0.00044082420145646894,17.846502127016503,2.5899573608262267
49,2,8123.520000000002,64.63999999999987,2755.84,33.27999999999997,1.6970658006832475,0.0800654136542055,0.9161338103288745,0.0019084717446847255,18.013369786600844,2.6315149457026337
50,2,8170.880000000001,14.7199999999998,2761.6000000000004,26.24000000000001,1.7007875412220272,0.0910512995641054,0.9165083823788382,0.006716555085083342,18.373134261396086,2.3142419825883707
51,2,8250.880000000001,26.88000000000011,2784.6400000000003,32.6400000000001,1.6888645184161142,0.08342183229528166,0.9154992029550344,0.004866581003814874,18.448955248256627,2.2127823357746443
52,2,8193.280000000002,30.720000000000255,2769.9200000000005,25.59999999999991,1.711923484565288,0.09785347733912299,0.9210001778558364,0.004421915728341053,18.76057602884444,2.147313520744671
53,2,8230.400000000001,43.51999999999998,2776.9600000000005,33.92000000000007,1.7026962060057795,0.09676682261183078,0.9178389147716393,0.0064561798594924835,18.940682572430077,2.056684535226889
54,2,8236.800000000003,23.039999999999964,2771.2000000000007,7.680000000000064,1.7038406643555768,0.0838778157987271,0.9186365574422379,0.006719458996642003,19.08370535477428,1.677336356916598
55,2,8311.68,14.720000000000255,2801.2800000000007,4.480000000000018,1.6791873860992237,0.08628892287567957,0.9191888796483635,2.1174211600638593e-05,19.365672144862963,1.8181221726678611
56,2,8346.880000000001,60.159999999999854,2807.6800000000007,16.0,1.679880386894219,0.06501249133140008,0.9219912113523109,0.0005809671253793613,19.921692904991026,2.1222979543631464
57,2,8353.280000000002,84.48000000000047,2807.0400000000004,29.440000000000055,1.6681698877967845,0.07162282992916902,0.9203112652296932,0.007480345572835001,20.00465034518927,2.0406597606987287
58,2,8325.120000000003,29.4399999999996,2799.3600000000006,0.0,1.6800807867931764,0.06137828883594043,0.9223716010760572,0.004369716061919604,19.999972290339734,2.0917727022376873
59,2,8400.000000000002,81.28000000000065,2834.5600000000004,13.440000000000055,1.6658852334381204,0.058100177246400264,0.9173811906333178,0.0034246769741466676,19.87728539990738,1.6960583757156655
60,2,8398.720000000001,22.399999999999636,2842.2400000000007,7.039999999999964,1.6674992220625282,0.05878751529796633,0.9173051078402706,0.0071276692082948845,20.09536555921465,1.669608952775306
61,2,8339.2,90.88000000000011,2812.8,12.160000000000082,1.666870012344396,0.06141821179878104,0.9205572800597687,0.006116271719406985,19.97582990149492,1.947788554370197
62,2,8286.720000000001,16.640000000000327,2780.1600000000008,7.680000000000064,1.6742477667964062,0.052668443994077774,0.9210889482696938,0.0022059695462895434,19.907044320456347,2.054020435103787
63,2,8315.52,4.480000000000473,2789.7600000000007,1.9200000000000728,1.6654883820206745,0.07013489898697955,0.9202734732343008,0.00017571049694403706,19.90559892445188,2.017749508177671
64,2,8307.840000000002,59.52000000000044,2798.080000000001,3.839999999999918,1.6807859794485998,0.07330265561888683,0.9227195843647708,0.005088155251086968,20.00609571685208,1.9533542088216453
65,2,8293.12,149.75999999999976,2803.2000000000007,21.75999999999999,1.6677546117595101,0.06718187288355815,0.9151746407367923,0.001368385969439112,20.170526145655586,2.233110693864118
66,2,8346.880000000001,67.84000000000015,2823.6800000000003,5.120000000000118,1.6781222153045747,0.07374507303892697,0.9182219925374596,0.0030928412459466648,20.122690582822663,2.1400347267283504
67,2,8314.880000000001,75.51999999999953,2810.8800000000006,7.679999999999836,1.6675267172305812,0.06933138605069011,0.9232498991063609,0.006788915624302783,20.087871655861065,2.072780709777849
68,2,8219.520000000002,160.63999999999987,2780.8000000000006,31.360000000000127,1.6805733660849373,0.08861887285310255,0.9280352677573392,0.012212976253052399,20.343572074069556,2.317717330159933
69,2,8400.000000000002,224.63999999999987,2840.3200000000006,43.51999999999998,1.6666659804760957,0.07278493219058424,0.922435823283575,0.013275808080230267,20.189416281313903,2.391395578894226
70,2,8239.360000000002,124.16000000000031,2805.120000000001,0.6400000000001,1.6723538006330934,0.08462447013912089,0.9224470132759273,0.010479234219540723,20.340743163282347,2.506770258696866
71,2,8224.640000000001,104.31999999999971,2810.2400000000007,5.759999999999991,1.681735619423578,0.08533315269577735,0.92335812761407,0.013727647047345859,20.320388752462446,2.438152125478908
72,2,8241.920000000002,139.52000000000044,2805.120000000001,8.319999999999936,1.6784966434078048,0.07513922621038571,0.9244682112660592,0.013246074448226619,20.35188821138412,2.274950412644353
73,2,8302.720000000001,176.0,2824.3200000000006,13.440000000000055,1.6696470711899143,0.07868232768753358,0.9167492819343199,0.0024800622672362382,20.16355242216744,2.2952302420623987
74,2,8311.04,129.27999999999975,2808.960000000001,3.2000000000000455,1.668907844265329,0.09031540108853786,0.9263895323447843,0.007839671781268542,20.190728372126607,2.543350476018631
75,2,8295.680000000002,167.6800000000003,2816.6400000000003,4.479999999999791,1.6661725902145805,0.09064175978330447,0.9266536613749211,0.009335764606951957,20.15840125534391,2.5351510615750303
76,2,8250.880000000001,171.51999999999998,2811.5200000000004,16.0,1.6647003041265283,0.08806260047303205,0.9203686440151136,0.0006076956463471062,20.16296602418969,2.681755069779033
77,2,8232.320000000002,202.88000000000056,2810.2400000000007,30.079999999999927,1.6742833308454972,0.09436344238099481,0.9210096770198491,0.005590660881408582,20.41977711782194,2.6522053462980395
78,2,8225.920000000002,169.60000000000036,2811.5200000000004,19.839999999999918,1.6625438084435573,0.0979203952523292,0.9179960052573297,0.006735177538369164,20.687681686982067,2.6167134340764964
79,2,8255.360000000002,172.1600000000003,2823.6800000000003,35.83999999999992,1.6738280319495358,0.10951579072562623,0.9231834368878411,0.005275061135874337,20.54394067246246,2.8269373312128003
80,2,8285.440000000002,157.4399999999996,2849.2800000000007,20.480000000000018,1.6796160736986767,0.10408984513623554,0.9106812071204189,0.0031342173293684716,20.73344093111928,2.713410237796939
81,2,8247.680000000002,90.24000000000024,2817.9200000000005,0.6399999999998727,1.6901076816522185,0.09174887182806357,0.9139864438392206,0.0014840505786423153,20.903341148814,2.508973879081351
82,2,8208.640000000003,80.64000000000033,2816.6400000000003,16.0,1.6786200000776363,0.10223348705940105,0.9095790266356876,0.002744356914419932,20.967674588057374,2.43216116067639
83,2,8243.840000000002,129.92000000000007,2817.2800000000007,19.200000000000045,1.6776406625738542,0.09310180297378823,0.9152572133423242,0.0035654338267796515,20.965016530730956,2.3602981462684216
84,2,8208.000000000002,50.559999999999945,2813.4400000000005,5.119999999999891,1.6730580874074488,0.08255815930934296,0.9081582436426612,0.0001758780109193392,21.01391246834098,2.611203586743585
85,2,8224.000000000002,66.55999999999995,2813.4400000000005,7.679999999999836,1.6772898563438692,0.08341388325693089,0.9141838695971254,0.006077816190302288,20.99167852647021,2.5519438264792687
86,2,8156.160000000002,24.31999999999971,2787.8400000000006,14.079999999999927,1.6707752045663544,0.08503283181365251,0.9122779505751644,0.0024270908810445357,21.32850293128964,2.329316827356328
87,2,8236.800000000001,24.31999999999971,2819.2000000000007,8.319999999999936,1.6660719079038482,0.07919334567721814,0.9075140491800184,0.0029435285706156944,21.1573023533385,2.4624384220400106
88,2,8222.720000000001,55.04000000000042,2829.4400000000005,0.6399999999998727,1.6759945499374034,0.08524465550722693,0.906304943504706,0.00428549698264169,21.24460901532671,2.2976414031114096
89,2,8211.2,97.27999999999975,2817.2800000000007,23.039999999999964,1.6652360335087057,0.08668298517185735,0.9082191890855594,0.005011695472161737,21.249304148046534,2.2394459759652143
90,2,8230.400000000001,117.76000000000022,2833.9200000000005,25.59999999999991,1.6692048385503357,0.09797851564293603,0.9066040260625672,0.003738235842194626,21.22427234307974,2.58110183914677
91,2,8242.560000000001,77.44000000000005,2829.4400000000005,3.199999999999818,1.668682874789582,0.12712656939933342,0.9142304163388214,0.007566273968507176,21.485595587111884,2.2002834178113453
92,2,8206.720000000001,76.15999999999985,2828.8000000000006,17.920000000000073,1.6893792677240196,0.10457272754036273,0.9077345025193386,0.0022420782769143055,21.40942374791925,2.02569474495567
93,2,8117.760000000002,57.59999999999991,2798.080000000001,1.2799999999999727,1.6805204828531286,0.08569824784298852,0.9087843148118051,0.005196230677418534,21.426093124872136,2.293352483526057
94,2,8030.080000000002,53.11999999999989,2748.8,8.319999999999936,1.701599129731905,0.09595522447258242,0.9156693709814259,0.008847890575039818,21.334071754606875,2.4080531678595385
95,2,8074.880000000001,42.879999999999654,2778.2400000000007,7.039999999999964,1.695124594998651,0.09259116333038553,0.9042895189891678,0.00717331074704336,21.331226184321324,2.3686976453895117
96,2,7999.3600000000015,105.60000000000036,2744.3200000000006,20.480000000000018,1.6942581072234693,0.10919395822952882,0.9096802037031472,0.000660672836526266,21.70522155099983,2.2542228830908257
97,2,8018.560000000001,184.9600000000005,2764.1600000000008,41.600000000000136,1.6893502173126214,0.118994030188312,0.9079499075615602,0.0008309961042539116,21.41503184889133,2.149647319428828
98,2,8012.160000000002,174.72000000000025,2768.0000000000005,50.559999999999945,1.6949229238847592,0.12436552659349132,0.915639431281116,0.006763691636145708,21.214049416492358,2.125280460956981
99,2,7947.520000000002,152.32000000000016,2741.120000000001,32.6400000000001,1.7046249273814498,0.12857347184525336,0.9148430664816368,0.00664013615172554,21.220704598818926,2.26777870996459
100,2,8015.3600000000015,160.0,2767.3600000000006,42.24000000000001,1.695580201952986,0.11851647071311555,0.9098791094200323,0.005546625593331633,21.339447539877938,1.9907473462306324
101,2,8012.160000000002,101.76000000000022,2759.6800000000003,33.27999999999997,1.699114458100547,0.10661851625879393,0.9079502334552216,0.005456782402539051,21.020571081909818,1.7800803329252908
102,2,8011.520000000002,88.32000000000016,2766.7200000000003,5.759999999999991,1.7051700405989636,0.11966462887147733,0.9092619661251404,0.0039659552015082755,20.952280446105306,2.1365709735635647
103,2,8024.960000000001,114.55999999999995,2764.8000000000006,32.0,1.721749001160076,0.1267855516223596,0.913018257208525,0.001305833744175755,20.94897013984597,1.8059890360325834
104,2,7988.480000000001,83.19999999999982,2771.2000000000007,16.6400000000001,1.7233165858488568,0.12537443089739053,0.912874462761593,0.002416631436291783,21.033800138544578,2.133863006806971
105,2,8019.200000000001,61.440000000000055,2766.7200000000003,12.160000000000082,1.6936632867688366,0.10752268688311017,0.9146719961670988,0.005880680862262122,20.513110262118595,2.022124454168159
106,2,8064.000000000002,120.32000000000016,2764.1600000000008,37.75999999999999,1.7015507171854647,0.1205785880795811,0.9202562413709997,0.010066090225217206,20.448184804548625,1.7764415333038261
107,2,8005.120000000002,49.92000000000007,2768.000000000001,14.720000000000027,1.7164158746984959,0.1007824952630697,0.9189835642021988,0.004888158187897729,20.29581290718471,1.8788473175183302
108,2,8046.720000000001,3.200000000000273,2782.080000000001,12.160000000000082,1.7262674276760213,0.08392065420725248,0.9135802209144888,0.005102378910635141,20.04140689115242,1.8732116847642164
109,2,8013.440000000002,4.480000000000018,2776.9600000000005,22.40000000000009,1.7240370183255516,0.07702768483229683,0.909661172646338,0.004757612527347355,19.84905226743131,1.7695596625118153
110,2,8112.640000000001,23.039999999999964,2808.3200000000006,7.680000000000064,1.7265395554986798,0.08204534873687741,0.9115759787137521,0.006526635032617689,19.79633580765023,1.6106547477848867
111,2,8088.960000000002,19.840000000000146,2792.3200000000006,18.559999999999945,1.7281945052716554,0.07250738329884887,0.9177403381040338,0.0062282277112903905,19.53219374342501,1.9929807471318313
112,2,8149.760000000002,29.440000000000055,2816.0000000000005,25.59999999999991,1.7245410729291581,0.07950472913216344,0.9171973537979969,0.0029391649733341296,19.548720098318306,2.0125414535355386
113,2,8179.840000000002,76.16000000000031,2819.2000000000007,24.960000000000036,1.730736693701459,0.08251889729214623,0.9166587249504585,0.0036318319502678387,19.334992213680348,1.9755915490385902
114,2,8165.120000000002,10.239999999999782,2817.9200000000005,7.039999999999964,1.734243215705619,0.10340660832921966,0.9188093914996698,0.0034875764246745655,19.317937061601683,1.9787542771948115
115,2,8257.280000000002,46.08000000000084,2832.0000000000005,22.40000000000009,1.720772353903938,0.09981882288379118,0.9107717790625365,0.006218282461363134,19.196477426286137,1.8165999557114585
116,2,8235.52,16.640000000000327,2829.4400000000005,1.9200000000000728,1.7176676134209514,0.08977045633680136,0.9145545922604771,0.0011285349229805952,19.31696583916697,1.8949570913824516
117,2,8220.800000000003,68.48000000000047,2812.1600000000008,29.439999999999827,1.7203599352567454,0.08732527157563186,0.91756045312068,0.005193695267647236,19.209658256168233,2.0097312357723442
118,2,8213.760000000002,23.039999999999964,2831.3600000000006,20.480000000000018,1.7402724654197916,0.1030060137760368,0.9141152459481879,0.006431651460742205,19.161475712853886,2.100815696910095
119,2,8224.000000000002,121.60000000000036,2821.7600000000007,59.51999999999998,1.738939444897325,0.09451557751558914,0.9140044436333629,0.012141318748655205,19.280011424808684,1.983562023684195
120,2,8289.28,149.75999999999976,2845.4400000000005,61.440000000000055,1.754932797163133,0.0696246715003267,0.9064751125208527,0.007121801654653592,19.226783564648866,1.5636579294430746
121,2,8282.240000000002,76.15999999999985,2821.7600000000007,36.48000000000002,1.7400345551944238,0.07869644561649258,0.9120904148035738,9.194693035735614e-05,19.13046729679357,1.9587166307027513
122,2,8241.920000000002,145.92000000000007,2820.4800000000005,45.440000000000055,1.7433739841154883,0.06321779935830885,0.9191467298779845,0.0014791591689570782,19.036953380090324,1.8091707249502118
123,2,8395.520000000002,128.0,2861.4400000000005,42.88000000000011,1.7409858757983134,0.07870534757925873,0.9146574179674918,0.003744069021355878,19.10362208151441,1.7083893646279993
124,2,8300.800000000001,247.04000000000042,2833.2800000000007,71.03999999999996,1.7207562579643065,0.06645276432166947,0.9185591761608927,0.0005053989521859314,18.86914819256041,1.8693930493603812
125,2,8323.840000000002,180.48000000000002,2814.7200000000003,74.24000000000001,1.7190376281388695,0.08910002315364197,0.9182684126825964,0.007360988301294835,18.829254057356472,1.4929311213418757
126,2,8371.2,186.8800000000001,2843.5200000000004,72.31999999999994,1.7019174393761232,0.07084650618681931,0.920152887389267,0.00035797803200637857,18.6663235653013,1.5688235855865962
127,2,8398.080000000002,140.79999999999927,2838.4000000000005,63.36000000000013,1.6984896063586399,0.08094009161919646,0.9222121162515338,0.0025414849615063573,18.659760834537714,1.7339555699503943
128,2,8382.080000000002,112.0,2832.6400000000003,48.6400000000001,1.6978788743411335,0.07796245209461028,0.9240002266026528,0.004598330176686316,18.618259373546564,1.6159540689752543
129,2,8407.04,111.35999999999967,2830.0800000000004,55.039999999999964,1.7086067521759785,0.08740427853770971,0.9222303313279014,0.0038910407037607286,18.710321953562598,1.4888459002959262
130,2,8417.920000000002,135.03999999999996,2848.6400000000003,80.00000000000023,1.722369394836305,0.0681524272262477,0.9248989637118845,0.007489467623108814,18.606497128454482,1.3728894359240122
131,2,8467.840000000002,191.36000000000058,2859.5200000000004,83.20000000000005,1.7220106687634695,0.09449694122546948,0.9207844813201838,0.003150130793583672,18.51543409812973,1.4537960656932238
132,2,8490.240000000002,133.1200000000008,2859.5200000000004,64.0,1.70365969150266,0.07912987665910198,0.9174353325273843,0.0042705872689238755,18.705675745857235,1.4223249288964706
133,2,8526.720000000001,82.5600000000004,2879.3600000000006,48.0,1.6990701416725356,0.09051018196249538,0.9179534891883275,0.0005341343496179096,18.41893741610155,1.2279561857994814
134,2,8586.240000000002,67.84000000000015,2913.2800000000007,49.92000000000007,1.695386342010588,0.07950916410354125,0.9228313237569948,0.002965030505571953,18.46474855515066,1.5496517770687994
135,2,8604.160000000002,225.28000000000065,2903.040000000001,106.24000000000001,1.7127824655414121,0.07200837156619566,0.9238684784093656,0.005290700631587764,18.243234773001877,1.509520690760386
136,2,8583.680000000002,206.07999999999993,2903.0400000000004,102.40000000000009,1.7139728814224324,0.0809654949003028,0.9246274405642291,0.005867944630722932,18.2284393122458,1.266988213769995
137,2,8614.400000000001,192.0,2899.8400000000006,97.92000000000007,1.7123203760533396,0.0656522212207461,0.9221862020548154,0.008382384922103414,18.34216215126653,1.110863017359776
138,2,8692.480000000001,163.84000000000015,2927.3600000000006,99.84000000000015,1.6950742120640574,0.09391408713920257,0.919823735477996,0.014729527522657548,18.157840754519505,0.7307926097234461
139,2,8728.960000000003,113.27999999999975,2942.7200000000003,69.12000000000012,1.7156214384772688,0.11057464068334466,0.9223519640802716,0.0025477807246864215,18.046986400499023,1.0458173420389372
140,2,8785.920000000002,94.71999999999935,2979.2000000000007,63.3599999999999,1.6923370391570842,0.09438571173512833,0.9103476879208872,0.0007476179112608228,18.034686703862768,1.023906097773029
141,2,8769.920000000002,87.68000000000029,2959.3600000000006,66.55999999999995,1.7189553321327884,0.09114896708072417,0.9093516529119031,0.009046907591920506,18.224259061285828,0.8630287666925458
142,2,8787.840000000002,83.84000000000015,2963.8400000000006,53.11999999999989,1.7104695154214378,0.0998523911005581,0.9123380487083018,0.001957763272613544,18.14073826769107,0.7537468434715731
143,2,8819.2,103.67999999999938,2966.4000000000005,65.92000000000007,1.7119815096666704,0.09383642037502582,0.9141957594404198,0.002967689264981088,17.93692215643062,0.6582577348906895
144,2,8819.84,78.72000000000025,2956.8,85.75999999999999,1.7011153834816386,0.08776976809644388,0.913838323396508,0.0048579516751252605,18.197228457948214,1.0769564867527386
145,2,8936.320000000003,10.88000000000011,2988.8000000000006,57.59999999999991,1.6887018767001405,0.10830257522418896,0.9229307527995536,0.005905553045404854,18.426048875281886,1.1426028578093312
146,2,8956.160000000002,76.79999999999927,3004.1600000000008,83.20000000000005,1.680752767232312,0.09757221191293897,0.9143699128618576,0.005200660879782604,18.157482373019835,0.8044833705237622
147,2,9043.840000000002,48.0,3017.6000000000004,82.56000000000017,1.6798393286112039,0.09403222156146851,0.9255381975123206,0.007135419734542792,18.407780226991107,1.3117693555661099
148,2,9054.720000000001,74.23999999999978,3020.1600000000008,60.799999999999955,1.7006262113358352,0.08606521725236838,0.9171278379373056,0.004028191050732488,18.332539838817905,1.006818665738514
149,2,9166.080000000002,19.200000000000728,3052.8,33.27999999999997,1.6728414877938587,0.1035271773490426,0.9166256838413298,0.0024036903604582327,18.403856488897713,1.0414080185768881
150,2,9208.960000000003,5.759999999999309,3054.7200000000003,49.27999999999997,1.6871347078487582,0.11023330738085135,0.9210535853276876,0.005060734872329664,18.137250946707802,0.8564773360021949
151,2,9358.080000000002,87.03999999999996,3093.120000000001,23.680000000000064,1.6646215991957742,0.11711512754496745,0.9208121941635223,0.0009254519916369053,18.796215547549245,1.6640945905799907
152,2,9622.400000000001,122.23999999999978,3144.9600000000005,29.440000000000055,1.6461342960211711,0.14652845028265238,0.9240587663239789,0.0060259794387329535,19.260138181406752,2.1110342200686816
153,2,6844.160000000002,2680.32,2447.3600000000006,736.0000000000001,1.8263192034643358,0.08947879460704056,0.9071117454992403,0.003628813598356595,19.87242814154385,1.9203179802782753
154,2,7712.640000000001,2282.8800000000006,2766.7200000000003,504.96000000000026,1.7498387100106632,0.01514805603106495,0.8711393341584854,0.04017803578145679,20.094437175953722,1.9401583049650384
155,2,7484.160000000002,2531.8400000000006,2650.8800000000006,595.2000000000003,1.8852967377556427,0.12086440365488749,0.8929106026236031,0.026487655491994666,19.86945034996331,1.726892611278405
156,2,7359.360000000001,2727.0400000000004,2622.7200000000003,651.5200000000002,1.9536318166518085,0.20671611475594798,0.9013500615205391,0.01603819029317488,19.55605664986426,1.7417883266940013
157,3,4908.800000000001,3602.3540700306894,1825.2800000000004,992.9566483991134,1.9666956826721773,0.20042089480166417,0.9132901658734429,0.009731945273512373,22.62582581446655,3.8147255991183266
158,3,4769.706666666668,4129.67680121446,1743.3600000000006,1136.832175946242,2.2208407581468053,0.3122458808539881,0.9067150425185214,0.01615590121452627,24.803627767464352,5.838685605551061
159,3,5138.7733333333335,3435.5570920335795,1887.1466666666668,931.3014316655067,2.025563176486168,0.24275970023914342,0.9218339241678208,0.007895767942597826,24.697776354882635,4.853516021416638
160,3,5669.12,2754.3038294760922,2094.0800000000004,755.2332648041048,1.924652973754118,0.1895268691927629,0.9100995972803302,0.004888714416959595,24.701827980920303,5.694084581203296
161,3,4710.826666666668,345.2874965718987,1886.2933333333337,172.76470421420652,1.8735442279155425,0.05372615093038353,0.899890881818771,0.031423982800716614,25.069639594364105,5.138118066365183
162,3,5247.573333333335,331.27417741535834,2113.706666666667,231.44375923513013,1.7986229261186777,0.030222170228293502,0.8883843721652583,0.04177702680192312,25.411760471666067,4.198834921071093
163,3,5105.0666666666675,100.36012665507236,2003.626666666667,46.414587745185905,1.87696240174409,0.18467070651980796,0.8997808471244905,0.019659341058048015,24.821330834180856,4.379748383751336
164,4,4035.840000000001,1329.591951840865,1644.8000000000002,378.9567489833108,1.9318923287462584,0.2202937063594014,0.9183363239006361,0.015845636948465698,24.898393785362202,4.831876097526345
165,4,3731.520000000001,1877.913858727285,1516.4800000000002,571.6961878480564,2.0479687346511435,0.36782119597912544,0.9169164853861709,0.011211908807279873,26.924627667063604,2.9306780722055588
166,4,4104.000000000001,1541.8000825009708,1641.2800000000004,452.1412027232201,1.9990207786513623,0.33721094702331944,0.9127470196725569,0.0017469868098834108,27.809293568149243,2.024197205621353
167,4,4550.720000000001,1086.7435097574773,1783.6800000000003,313.44910655479634,1.817343148791454,0.1656443135113508,0.9207761028070931,0.008679643708554494,27.67406528658453,3.4677924335361645
168,4,4923.840000000001,864.718575260183,1885.7600000000002,247.90294875212766,1.7482043739662556,0.07711707049269394,0.9273760207573484,0.010347151130120231,27.261812579763838,3.4176292430182595
169,4,5151.680000000001,659.0591694225947,1955.2000000000003,180.26767652577095,1.7515625083195856,0.04706636354316489,0.9296418533143653,0.004310207485041319,26.931698374941412,3.579918896784289
170,4,5250.240000000001,656.8741103133841,1991.0400000000002,193.83760625843482,1.7423754443479762,0.07341389833415894,0.9219743913891054,0.010853277841291104,26.25096222595051,3.7591393872116856
171,4,5266.240000000002,701.7338800428549,1995.2000000000003,198.43793185779785,1.7347106648248896,0.06261270292299408,0.9129725130760317,0.008570192974115447,26.234407726984333,3.822982541596514
172,4,5338.240000000002,789.9464285633551,2017.9200000000003,216.01398473247053,1.7444083431313053,0.031244285143126094,0.9212666435849417,0.009124648671042509,25.80936921748513,3.8795246851092307
173,4,5389.120000000001,774.7555547396871,2031.6800000000005,218.73468860699714,1.7449339238907453,0.043720415456431114,0.9177488327635275,0.0028306700382552718,25.725143628601224,3.9573829712780615
174,4,5484.800000000001,708.7808575293215,2046.4000000000005,192.27580190965264,1.7390789453391395,0.055869974788320675,0.9241175966973422,0.008260087215684313,25.485813913166194,3.857202229956805
175,4,5521.280000000001,763.200737945136,2054.4000000000005,217.40979922717375,1.7418667305271451,0.034248435863977744,0.9282399891287832,0.009017647936505462,25.27216469313086,3.8885686552978527
176,4,5545.280000000001,765.1790190537115,2063.3600000000006,211.27174538967594,1.7238734088918026,0.03608141717673202,0.9272943242460009,0.007080932425473853,25.00116118603578,3.8446077030418846
177,4,5584.000000000001,722.0519028435561,2085.4400000000005,193.79084808112077,1.7321098366126657,0.038501538853639605,0.922523145830469,0.0070637496864628295,24.857027535230344,3.645419856074253
178,4,5665.920000000001,771.8487561692383,2095.0400000000004,210.62588634828353,1.712729265489053,0.04197062910000428,0.9220727205390499,0.007779922962859432,24.705324463854343,3.818035024916244
179,4,5685.4400000000005,744.8293356199124,2103.3600000000006,194.43021987335194,1.722605993063746,0.02593027715122761,0.9183620911460498,0.004932881615348689,24.518602717708728,3.800351903132235
180,4,5753.920000000002,765.5541720871229,2124.4800000000005,199.47964307166782,1.741022092186938,0.028911859175047256,0.9215618125760991,0.007323356630922591,24.454414720804834,3.789097460753065
181,4,5732.480000000001,786.6797630548281,2117.1200000000003,205.26946192748701,1.7307244110675506,0.04490670373891463,0.9210600309636184,0.006461106962569852,24.389537966281175,3.97433809709493
182,4,5768.960000000001,760.2758236324498,2134.0800000000004,183.69310057811106,1.7273402005865268,0.026653831547330843,0.9201274152740299,0.007380209296157247,24.24591899060486,3.677825021913018
183,4,5856.640000000001,754.7488822118255,2157.1200000000003,186.84136586955262,1.687453891393298,0.030360689181294493,0.9155760842943587,0.009045331493079024,24.2080411095034,3.796031001627841
184,4,5888.640000000001,755.2371516285465,2172.1600000000003,177.5028202592849,1.6918626608339213,0.014309993155640808,0.9166080763299607,0.006705796599768814,24.21866121756503,3.977741447272713
185,4,5927.680000000001,712.8192320637825,2183.0400000000004,174.50888344150277,1.6950335629573299,0.012090445143473308,0.9186825291713364,0.008761756004334495,24.205851233252165,3.8825130204440694
186,4,5976.3200000000015,670.1175920687358,2189.7600000000007,156.75787189165337,1.6827392080152772,0.0342549109865844,0.9219902633577306,0.008950588038365253,23.993679351346657,3.64870005435982
187,4,6013.440000000001,707.618337806476,2200.9600000000005,154.92891789462678,1.6933329732809161,0.03544463258125728,0.917363526075881,0.01351161572958702,23.892979023856512,3.6500333013225688
188,4,6113.600000000001,712.7757751214615,2235.5200000000004,167.0449041425688,1.675552149079637,0.034524506490728045,0.9129990181617681,0.00738031184897546,23.5165404078165,3.408907607721094
189,4,6094.080000000001,716.217477586243,2234.8800000000006,167.65068446027897,1.6781698559976876,0.03847688818151267,0.9144065808780037,0.007919966140312913,23.477718165710627,3.5063216706965292
190,4,6098.880000000001,587.1925013145179,2229.1200000000003,127.0541050104246,1.6925469926118746,0.03553440144988037,0.9161984107134488,0.008849201691485818,23.45902391849667,3.4185967066093066
191,4,6072.960000000002,695.7017843875349,2212.8000000000006,164.4273845805497,1.6966908870612176,0.0384913415786086,0.9178960346041058,0.008395011621698213,23.440732889636273,3.4116769590130738
192,4,6127.040000000001,646.0738186925703,2233.6000000000004,165.04804633802854,1.6786488838839928,0.030431115167689076,0.9176836412302598,0.008917346007923188,23.09356257855068,3.2550039731677836
193,4,6244.800000000001,514.6287516258689,2259.5200000000004,125.68262250605693,1.672448035945632,0.041408066034782386,0.9161989441827021,0.008077000456336594,22.925248468971162,3.153422934435363
194,4,6219.520000000001,641.7799248963775,2267.84,143.8374193316885,1.6770075648161844,0.029992663133856123,0.9164892582473638,0.00837151009901944,22.85189285828329,3.6148391740237815
195,4,6276.800000000001,639.4713816895953,2275.84,163.5096669925054,1.6660553350479588,0.020076753151578666,0.9132660080946428,0.0050909552060488935,22.45904843140711,3.4748935980569002
196,4,6257.280000000001,626.2016544213215,2280.9600000000005,151.8702604198729,1.6914060995437112,0.04430402473926642,0.9150203491987592,0.005658329433792664,22.307848730612996,3.629235066701208
197,4,6338.240000000001,519.0564732281065,2299.8400000000006,121.72919452621063,1.683591476271447,0.04664183000533204,0.9162987732880626,0.0072220287534111366,22.248442156168736,3.5325151015503558
198,4,6361.92,490.06064604291595,2300.4800000000005,109.78705205988548,1.6933230726873658,0.05868028527632351,0.9191552568805886,0.007975819531863179,21.96199830529783,3.593372577020709
199,4,6450.240000000001,444.907612881596,2326.4000000000005,98.07882544158038,1.673402497093552,0.06074826659704636,0.9225402952094245,0.008712372540540747,21.629745925867073,3.4290433193339376
200,4,6368.640000000001,420.6562796393276,2293.7600000000007,82.03491939412143,1.6782573768419633,0.061634262650978947,0.9222964515223523,0.008457016802557355,21.493035130733617,3.493323801647156
201,4,6428.800000000001,479.5052383446923,2325.120000000001,103.67407390471351,1.6787556637089538,0.08321698755303787,0.9145130275895413,0.008577360971421527,21.035859753130747,3.462717920345486
202,4,6468.160000000001,427.95032235062064,2340.8,75.80353553759882,1.6753291932218073,0.0754607106101352,0.9194070460195641,0.00759507606435754,20.94071777041288,3.285559954318163
203,4,6604.800000000001,394.01136227271445,2365.1200000000003,85.70923870855464,1.6713766058623976,0.05421406424676764,0.919120699182539,0.0029909146277459935,20.62847687001591,3.1481163322662185
204,4,6576.640000000001,333.3742737524899,2360.9600000000005,57.246917820962175,1.6814307883506614,0.06399863182589186,0.923214604081966,0.006852548700101515,20.452089198226705,3.4312458319998322
205,4,6623.040000000002,340.5694619310428,2381.76,57.23886791333331,1.688376367486578,0.06505789099265998,0.9185428136427898,0.008537469149820062,19.983658096454338,3.215756000729661
206,4,6630.080000000002,289.93253836021955,2377.28,52.2874516495115,1.6916620097344377,0.07009198582785577,0.9160874668403233,0.006574178279436653,19.94457567639492,3.3540595937545286
207,4,6680.960000000001,310.5807308897318,2398.7200000000007,45.89295370751382,1.677968688713159,0.07607628172568,0.9160709816812539,0.0048989429752699645,19.872777019508842,3.3678800562140148
208,4,6628.800000000001,335.9742466320894,2380.8000000000006,67.25178956726732,1.6886068521182451,0.05976165831290793,0.9169235004926342,0.008826225731698757,19.755843536763674,3.214608930198443
209,4,6698.880000000001,411.91197506263404,2395.84,81.71160994620053,1.6787866024312357,0.07357273011276645,0.9217695119653713,0.008422654736998455,19.77500058349687,3.1514237722440805
210,4,6721.600000000002,363.88981189365575,2407.040000000001,67.18780841789676,1.6853674093503883,0.06813171533065601,0.9181438871511075,0.004063973144824709,19.528721119166967,3.0504752103401906
211,4,6787.200000000002,401.81960529571006,2423.0400000000004,88.69023847075837,1.6670393078782686,0.051694007334491233,0.9149942191325602,0.008460746898801967,19.760988640465214,3.1905464648997537
212,4,6784.960000000002,480.94658663930636,2418.8800000000006,90.89070359503226,1.6732968938895247,0.050045946177657646,0.9132702794294778,0.010074782045911885,19.510170539194778,2.929851556060239
213,4,6841.600000000002,507.66242642133784,2424.0,109.01202869408496,1.6658193974000088,0.028377396350673025,0.9159245639424833,0.0061340381601059915,19.567477780848826,3.079388419838791
214,4,6779.200000000001,525.8256319351503,2415.0400000000004,103.44417624980157,1.6570109101030408,0.0468636953159938,0.9188712637413082,0.007769658206466286,19.72799066712164,3.335347321476802
215,4,6834.56,524.912768372041,2418.5600000000004,91.20617522953137,1.6517057163788973,0.042016109984047055,0.9184719166587597,0.00789843073859553,19.886869519009693,3.0231063633272903
216,4,6869.120000000002,534.8535560319292,2438.4000000000005,101.46371962430717,1.6477758734090182,0.04219372025200867,0.9200157858307614,0.004618837110229829,20.119763856526024,3.1416869231495452
217,4,6881.280000000001,599.6782924201942,2445.1200000000003,112.37195379630985,1.646393915895497,0.05682195468863023,0.9180503288814107,0.00390931761078308,20.116779897479685,3.096458717444506
218,4,6864.640000000001,534.0776033499252,2437.76,117.67823248162765,1.6557807770321533,0.0674624381257328,0.9195779563350153,0.004717240614172299,20.395695077278997,3.2539934399052406
219,4,6888.640000000002,521.8126683015659,2447.3600000000006,107.11160534694656,1.6531167729390752,0.06476027759621457,0.9195446364712985,0.007452029880851856,20.593196396381025,3.3985236105547516
220,4,6984.960000000001,583.3837844849652,2474.8800000000006,118.00149151599737,1.6443983719494106,0.06772711127297082,0.9137898195367602,0.01059852379644639,20.724247901769367,3.38198331368123
221,4,6946.560000000001,679.1211261623365,2476.4800000000005,142.04936606687122,1.6556136992778565,0.06783358907392936,0.9072829855329694,0.012923674040357588,20.951155048127983,3.9446942051561926
222,4,7016.640000000002,676.6639674166198,2473.9200000000005,129.81867970365434,1.6222101942406453,0.053038829977294887,0.9185348733216386,0.011499950996732828,21.37061499068674,4.21638415754319
223,4,7048.3200000000015,748.9282625191815,2490.5600000000004,143.1523496139689,1.6238085833137383,0.05189328789972242,0.9171195969039987,0.014077005420617643,21.77319288484547,4.59283054270842
224,4,7181.760000000002,827.8638728679978,2522.88,165.11751936121144,1.6207849003212407,0.049406734999403616,0.9133888004776827,0.016413779417044975,22.4586908280842,4.832312066298788
225,4,5944.960000000001,1178.3547146763578,2240.0000000000005,261.5353559272628,1.674523353888674,0.08620638732372643,0.9081263397447181,0.01689535861291093,23.275609978292263,4.9049566841556285
226,4,6530.560000000001,794.4877615168157,2414.0800000000004,127.85591890874662,1.6308151177716779,0.04329149622483625,0.8981256309797438,0.035327107956231604,24.30170911886235,4.707619299495588
227,4,6732.480000000001,742.7945847944773,2459.2000000000003,142.29713138359466,1.6061587309466394,0.06933324361734054,0.9062230428846031,0.021576164794388314,24.7196065261844,4.393508882044498
228,4,6802.880000000001,687.2428205518049,2470.4000000000005,114.64756430033734,1.5736841883677977,0.08369463487463182,0.9161419683685352,0.010665590783174179,24.751916117799183,4.568412947080016
229,5,5042.688,2412.8889668478328,1921.2800000000002,725.735392880904,1.8180582105990264,0.34934870620266484,0.9094190237309631,0.01671578530123623,24.965198349101826,8.092835542891951
230,5,5422.5920000000015,2069.419604414726,2016.2560000000005,598.5039105502989,1.72556754009677,0.17374150777664693,0.9194869242196854,0.007478714953847487,26.460285858479597,6.148057817135071
231,5,5762.304000000001,1739.4048809590024,2119.6800000000007,488.32696194250843,1.7161626479034406,0.15475727951018542,0.9186179746689982,0.010054562304107992,26.672077072590547,5.907181310352794
232,5,5904.384000000001,1679.3501268002453,2159.6160000000004,473.28813082941355,1.7159445968936755,0.11577901699642164,0.9154577120695169,0.007866623089467499,26.878244091945113,5.337475042044675
233,5,5252.096000000001,1548.041842866013,2035.4560000000006,434.2452774918803,1.8033304716003289,0.15141179199295152,0.9054884945103907,0.018406789986891426,27.331787349591462,5.719217560997975
234,5,5445.888000000001,1384.3057915128438,2101.2480000000005,383.95528272964293,1.740866174331775,0.09215019248634382,0.8916289660304366,0.04795022900164294,26.274820472931765,5.594720998845601
235,5,5453.312000000001,1463.8946738942666,2098.4320000000002,384.0116051579692,1.8216024205376304,0.13779748522409446,0.8988881524844677,0.03474608549031391,26.245862674310466,5.874534368930495
236,5,5466.880000000002,1459.007538184776,2110.976,376.66065669777623,1.8112256030267826,0.1185198553206815,0.8998891992725666,0.026103396343789356,25.852606733730113,5.511752365860181
237,6,4341.120000000001,2115.4065456392386,1715.2000000000005,630.1661562900165,1.8972453238509992,0.17499601938067247,0.9145823310825585,0.012327274303281734,26.305584173162416,5.700341336393317
238,6,4492.586666666667,2067.6334131132203,1763.8400000000001,616.5438153664886,1.8641267165344513,0.19651243106395586,0.9023843413472928,0.01347074902863182,24.325880944289754,4.410979602642338
239,6,4749.653333333335,1763.8577518861575,1851.946666666667,499.05579683594067,1.8232078111929273,0.12722958402614626,0.9126302516744483,0.014121492094696736,24.78111004223818,4.944094185600887
240,6,4952.533333333334,1626.7917801065457,1904.8533333333337,447.7905288065939,1.776718429824361,0.08241572256701352,0.9148279481499225,0.013733464835198645,24.78081277953125,5.835159023886617
241,6,5001.386666666668,1657.5353672512963,1920.2133333333338,446.07367443307203,1.7542026361966858,0.06604512972545805,0.9108857848951111,0.010916630912147134,25.11823379816447,6.286899479709008
242,6,5088.426666666667,1629.163408487791,1947.306666666667,444.4892023685416,1.713345559831916,0.05414922097362417,0.9128079822348735,0.008439195323357606,25.128209308000123,6.901698245022593
243,6,5169.706666666668,1565.4313509345882,1969.4933333333338,421.01537369660144,1.709515224765936,0.06669116184055435,0.9117925524401108,0.017452928022426636,25.258723340724355,7.190229343248915
244,6,5216.64,1636.0190616656441,1970.7733333333338,426.62271773651355,1.7013151760380427,0.043761859875744144,0.9176338204648036,0.014009577118764313,25.23272325363079,7.60520311214165
245,6,5255.893333333334,1626.434543438158,1988.266666666667,437.48399356116136,1.7028677001344599,0.03779140754657061,0.917094194488155,0.008635437025776417,25.215082463605892,7.829842525104513
246,6,5333.973333333334,1650.0331036140528,2007.0400000000002,432.60086608019344,1.6997404855567035,0.056830875415736753,0.9146842310783025,0.011295257086061692,25.26590602672235,7.880817598269696
247,6,5452.8,1772.0081023140574,2035.626666666667,460.99590897196583,1.676916148525884,0.059705679356402135,0.9134798532415358,0.011113251121892273,25.64986164678935,8.279167032760437
248,6,5064.320000000001,1269.5859558139418,1988.6933333333338,358.30601942411687,1.699108529647674,0.06668225406235749,0.9024990931402833,0.0322438521310873,26.11743074543926,8.174720356022094
249,6,5125.546666666668,1307.9791481858147,2011.5200000000004,368.82569397119477,1.7182363922432187,0.07450947876843556,0.9004842551899399,0.02404633878692669,26.602690667149684,7.766645339537526
250,6,5084.160000000001,1311.5680589787685,2011.7333333333336,368.77824568280727,1.7190160219736441,0.0874613491414564,0.9088858264473308,0.02756671982858695,26.926833564928433,7.901366555010756
251,6,4946.133333333334,1299.4774963636562,1960.9600000000003,334.8205330222945,1.7337318903733998,0.12485400087933277,0.9017651141644182,0.027570135929260577,26.977198092298323,8.086412590457362
252,7,4125.4400000000005,1889.7751112764718,1651.2000000000005,538.3778861941278,1.8966096017176848,0.32909893134804963,0.9133018566498958,0.008050219469591427,27.190897871088993,7.463956024017728
253,7,4279.405714285715,1889.328651549896,1707.702857142857,535.4709093796197,1.8417841863997748,0.27205640870607467,0.906575313774079,0.009618018484919324,27.082930692078254,8.493528802881212
254,7,4408.137142857143,1578.430991637983,1755.2457142857145,434.39668476954967,1.8076509087228838,0.19532633902402438,0.9119551387017978,0.00712317035475959,26.845516050615487,8.601211930866873
255,7,4563.748571428572,1471.325795556303,1812.2971428571434,390.2038610673103,1.7717644585604617,0.15875602381927192,0.9054261020389056,0.012488682940231546,26.62113434143483,8.67558002992135
256,7,4620.617142857144,1416.5302830882658,1827.8400000000006,381.3970445611764,1.7622673370762283,0.1522706167638416,0.9111389914568278,0.007524498090823711,26.666735636399146,8.97463293372278
257,7,4665.600000000001,1413.5229239234657,1838.0800000000006,376.5301648322104,1.734165799165807,0.10461367092977297,0.9072114714954571,0.009098078346445023,26.62694177273263,9.300543173567617
258,7,4739.657142857143,1389.129597304054,1866.0571428571432,375.45786013172494,1.7134407019496254,0.09351338836428179,0.9021009857694173,0.0172712967882929,26.702687588002952,9.744750023313124
259,7,4778.605714285715,1356.6050040856421,1875.5657142857142,363.68332059861183,1.7170048187220885,0.10632985020217481,0.9063008885622683,0.004773791744276758,26.680909498026164,9.542328297568037
260,7,4800.548571428572,1394.9464693818245,1885.4400000000005,374.9991201513488,1.70199023116867,0.0982072031406051,0.9060280450206004,0.014402643204563198,26.67410484363271,9.171395217069787
261,7,4895.268571428572,1387.283287286225,1918.9028571428573,378.57929600450336,1.7020096799482973,0.10104358190832186,0.9018555744259731,0.013334189344854955,26.73357384532945,9.59917856641402
262,7,4916.480000000001,1422.7708544346037,1913.6000000000004,380.7398367839721,1.6984819029953073,0.0955891685154198,0.9081169202345231,0.015437276177982346,26.667087808309677,9.547576677976227
263,7,4968.594285714286,1454.6292265420093,1936.4571428571433,399.0999467270713,1.7066432880241404,0.0905128399241898,0.9007332431485514,0.02247686123977776,26.75354492423411,9.270122851488267
264,7,4985.782857142857,1427.1219233699921,1923.657142857143,373.10278253410803,1.7097530665487464,0.08791296473390908,0.9105935307927743,0.013069875571833148,26.997227608931524,9.277100816811453
265,7,4460.800000000001,614.3306627541884,1817.2342857142862,216.47490167005785,1.6843810162452182,0.06323696930460013,0.9037705916609824,0.018499346048608263,27.34635256432733,9.198407446452075
266,7,4496.64,739.5577514008917,1839.9085714285718,283.3242646775988,1.6758812420358324,0.06230407059547157,0.8975173731660505,0.017577101314073782,27.426486862925493,9.373473553714335
267,7,4448.548571428572,646.9115647979932,1818.1485714285718,236.3442542097422,1.6849832609065913,0.04693002533531526,0.9066266024736451,0.010801606909440247,27.491436625921043,9.332832662241653
268,8,3803.5200000000004,1062.3809154912378,1590.8800000000003,342.15733456993155,1.761523587083269,0.18561479700536415,0.9061921956066125,0.008983704042524188,27.423845062193998,9.822990270218448
269,8,3616.6400000000003,1008.6858872810704,1528.9600000000003,304.9665476736753,1.81294377651825,0.27328579001335623,0.9089629865336162,0.013085242087704844,27.534338753147857,9.618997231497927
270,8,3963.3600000000006,634.3445927884939,1639.0400000000004,193.23973090438733,1.731070284087231,0.12521311229106716,0.9137898099437736,0.013905382869733236,27.612979762209463,9.483943981731947
271,8,4191.52,488.92772144765945,1707.8400000000004,143.16236376925332,1.7045985205710048,0.13335865375175135,0.9094614036873496,0.015912443229836454,27.245705893490218,9.480336313402816
272,7,4943.177142857144,1568.3813307238986,1974.308571428572,600.010879030624,1.6922689499118224,0.10030780906451324,0.8972419057116079,0.04165957259139603,29.001230052669005,8.023572629936009
273,7,5017.782857142859,1619.0776948242947,1983.4514285714288,587.4615772828666,1.6987198015273766,0.08978518411030462,0.9015757910455398,0.03553315328392101,28.714065070140087,8.203967458050418
274,7,5040.457142857144,1665.864720950091,1988.2057142857145,598.4507829592088,1.7062915915583226,0.09570661440093335,0.9024676269570321,0.036197992156809515,28.65596224226576,8.412618235521188
275,7,5081.05142857143,1778.6061883832251,2007.2228571428575,642.9312270200843,1.7038524503398629,0.09574366611851673,0.9074069689514337,0.04115553836971875,28.44025367901147,8.348115459782266
276,8,4529.280000000001,445.7272636938423,1812.3200000000002,142.13395371972177,1.6729535610181356,0.0963358010761365,0.9080553764768668,0.010252158609757731,26.75747466930997,9.43261059349496
277,8,4580.320000000001,442.58345563294625,1830.5600000000004,140.16648386829144,1.6611722171232297,0.09755246981093976,0.9089601395482658,0.011387276776851338,26.481101237045944,9.087217669745508
278,8,4656.800000000001,450.17366959874505,1852.4800000000002,141.57857465026268,1.6784701698794668,0.10242653441110705,0.9076764808484088,0.014430013838119373,26.421072398979117,9.100219829795511
279,8,4704.320000000001,418.3494271539046,1865.7600000000004,135.21268579537943,1.6535089836098658,0.09934010176826877,0.9085822846729499,0.010421341521786457,26.128266369259293,9.096578089573933
280,8,4764.000000000001,426.13737503298154,1877.4400000000005,133.2549316160569,1.6641728736660162,0.1160020469376078,0.912184738920817,0.009410532583339938,25.989629083500255,8.92192807928859
281,8,4792.960000000001,455.3014157676208,1884.3200000000004,150.3120593964437,1.6545889796968805,0.0879213505663871,0.9135532912705181,0.012829960231338776,25.63562454547828,8.661534675337897
282,8,4863.360000000001,457.3300462466906,1900.1600000000003,145.65449529623174,1.634823188175576,0.09788143046270216,0.9096558679379161,0.013069163577140311,25.506701343312727,8.732978896552469
283,8,4871.84,466.11355869573254,1905.7600000000002,145.93605174870262,1.6355589603426373,0.08984415524029571,0.9122214912630973,0.017980784425969256,25.11230848224911,8.560001696068001
284,8,4925.280000000001,495.0169096101669,1915.6800000000003,157.3149910211993,1.629586508690111,0.08189258118264911,0.910703319515777,0.0096935071230093,24.8985111462711,8.29583647856303
285,8,4929.6,501.07371433752155,1912.3200000000004,153.0483426894915,1.6314487314245376,0.07485606209786919,0.9067887762361144,0.017996748666033926,24.638866713826353,8.259818049970372
286,8,4968.3200000000015,517.3658821375838,1922.8800000000006,157.83073464949726,1.6339871258763479,0.0766674964531009,0.9041950951114179,0.018184620356660464,24.4520817120065,8.271233235412808
287,8,5023.360000000001,551.3695646297501,1947.3600000000006,175.0911077125279,1.6253416646152083,0.07008346050028529,0.9001585821523899,0.021961500361723604,24.163144626284055,8.122114734413493
288,8,4969.280000000002,536.955327750829,1936.6400000000003,167.0252867083305,1.6444428846422747,0.07733758302947438,0.898468940650135,0.030091588032780576,23.86991858599965,8.018055294391079
289,8,4991.68,526.0690023181371,1923.0400000000004,156.5044561665897,1.6411317149414577,0.077178008216129,0.9139305583113211,0.005808485591055751,23.649422482217133,8.073006320116273
290,8,5070.080000000002,513.9869445812803,1967.5200000000004,156.32704180659212,1.6288743879392147,0.05921701395563141,0.9036001569090715,0.020523549211315446,23.54618120096628,8.118095869715711
291,8,5117.92,510.27627340490784,1987.5200000000004,150.87143135796117,1.6306234976776697,0.0738843204901952,0.899187368139515,0.017072808598720204,23.19073557567315,7.894434426669864
292,8,5087.040000000001,467.99614357385474,1967.2000000000005,138.101319327514,1.6276785522055497,0.08183044334793568,0.906928414607025,0.008864529525724819,23.17637461646352,7.864610233615711
293,8,4837.120000000001,535.7744241749508,1892.9600000000003,132.88353998896932,1.6116888439653971,0.06662681170794553,0.9099222466933963,0.013740299265179853,24.032437396336405,7.914681964510749
294,8,4863.200000000001,653.0681606080641,1926.2400000000002,164.68710696347793,1.5872195188987612,0.10442164553374444,0.9008999408367333,0.02407763529640907,24.770104695736272,7.655450193944806
295,8,4795.040000000001,759.2513533738351,1898.88,192.76434525087882,1.6109481405182773,0.17182594644795532,0.9025779587524443,0.024598278553176513,25.536474384912204,6.700344598456718
296,8,4746.880000000001,949.3232418939297,1896.3200000000004,250.17779277945522,1.6374939413888772,0.1663192007349498,0.9011059649964113,0.017821423815403168,25.63924180241635,6.5679908091689745
297,10,3633.536,1797.6809654396416,1498.7520000000004,582.9234254479744,1.8825975721233497,0.35461502008090223,0.9030526999889614,0.01200326011859094,26.450582739935584,7.261369271202358
298,10,3799.936,1501.9150470995357,1568.8960000000002,470.90399775750484,1.8028257371286514,0.19081431266659507,0.9082899150821439,0.015389288635483856,25.8746148947306,6.8182789634168985
299,10,4087.5520000000006,1191.9721506545363,1660.2880000000005,361.56520044937963,1.724662787667615,0.11005523827424195,0.9084469649987049,0.013896760678649731,24.59449228196519,6.655611406864792
300,10,4096.256000000001,1018.705802194137,1677.3120000000006,298.88490616958234,1.7061279219266776,0.11707676235499147,0.9082802154139438,0.018364823248853808,23.643475159391908,6.692959188514214
301,10,4274.304000000001,1055.0483450079435,1738.1120000000003,305.56120214451323,1.646252948616251,0.07988329589958194,0.9013114088896863,0.01699419483234704,22.862110624987885,6.626766871347762
302,10,4332.160000000001,1049.1920768286427,1751.9360000000004,317.1952863205884,1.603631010911394,0.08918289812613411,0.90552559953317,0.016659972444450603,22.42668954582427,6.569035048799729
303,11,3861.643636363637,1469.0661752733372,1596.0436363636366,455.7870205833328,1.7066579703846079,0.23684536346245472,0.9007841248406993,0.013434363495817276,22.58471206248522,7.234973679213742
304,11,3727.243636363637,1333.3478007104916,1565.5563636363638,407.5144923975706,1.7104205200787923,0.196098907638333,0.9017348116418952,0.020880882604704037,22.791345600910507,7.591933618878781
305,11,3815.6800000000007,1057.964013823464,1612.6836363636367,331.3564011281435,1.6783832431820094,0.14379457257934858,0.8924864726573752,0.02749993795639459,22.592737390573376,7.256356652596298
306,11,3867.229090909091,1024.5056338409765,1629.7890909090916,327.19650280011876,1.6492155235619939,0.13022570636813388,0.8950716639418094,0.042989883279824004,22.570448095095514,6.805252523217957
307,11,3924.363636363638,935.0170741783056,1630.2545454545457,273.54415553031544,1.6615445501641453,0.09508005482715545,0.8996494921338979,0.019282659396153062,22.238350845496946,6.808911922889022
308,13,3065.3046153846158,1238.388655636617,1359.655384615385,394.08625296843115,1.8130963325942642,0.28507254607188914,0.8939117869441332,0.019853130704788568,23.882589222511857,8.606871907171875
309,13,3316.6769230769237,1167.8888784296923,1430.1538461538466,349.5387666304195,1.7420698297259123,0.18652971219553402,0.9001286961131589,0.020811963556225287,23.910795588486387,8.297094491541284
310,13,3505.23076923077,1052.8482409048,1494.1538461538464,318.29141783878265,1.6950043791302913,0.1089052196029715,0.9014418327369877,0.020881618468321112,23.264224457506735,7.909654272841503
311,13,3619.052307692308,1013.7650397340514,1532.4553846153851,303.2892215137073,1.6689290600684719,0.11851941253683951,0.9033818554871801,0.016128120827087124,22.899878638194767,7.601017079222245
312,13,3666.3138461538465,954.0257193560872,1547.3230769230772,285.26083479415047,1.6476980279031859,0.10180526605408076,0.9053044814990419,0.0130118150774275,22.444414307483893,7.297710396052911
313,13,3734.547692307693,1002.2467952643959,1562.6830769230774,302.497691367786,1.6341511799768893,0.10981170388548962,0.9082283282747577,0.013046607300035394,22.626024244827384,7.398910143303858
314,13,3780.923076923078,987.9460712110262,1575.089230769231,290.0668901759237,1.637096338196869,0.09448807405770616,0.8988806703767425,0.018375230248083158,22.30956985160575,7.325614308471253
315,13,3795.7907692307704,969.3675626642158,1587.7907692307695,278.8270138789265,1.6342463488282546,0.09573451078392102,0.8968604819756649,0.020941085046869718,22.03667753521846,7.220703283708516
316,13,3828.2830769230777,990.1077777493538,1597.8338461538465,291.92393270372185,1.6205254324934155,0.09446182655450687,0.8981313433349718,0.01643363436900677,21.98515606418425,7.195894907394241
317,13,3894.843076923077,991.8221620321989,1619.495384615385,294.2433419053375,1.6118516713268578,0.08178668745053098,0.8972873053212503,0.011058841914223112,21.881840014995234,7.18065649468921
318,13,3910.4000000000005,1004.3794122204556,1629.0461538461543,297.3134807039265,1.6144690170984635,0.07960478101499481,0.8924699266724687,0.012192311499829475,21.792728244634738,7.132939795702447
319,13,3908.7261538461544,1028.4140414738572,1641.9446153846159,295.9895671918025,1.6273333104746006,0.09395579057289088,0.8839545390718514,0.020225752015341096,21.693410607932005,6.821826351541602
320,13,3894.547692307693,1018.0434185553706,1636.8246153846158,295.5464090230002,1.6336912137510826,0.1213749298981507,0.8870536950301935,0.027675018164387426,21.78134159407828,7.069829517609796
321,13,3819.6184615384627,831.6324999925071,1643.716923076923,259.2166388114127,1.6233101580272649,0.14691412695005884,0.8757987327602953,0.025959582657927666,21.652047895015567,6.953925531055189
322,13,3935.803076923078,904.0175576867506,1672.4676923076927,283.26380132454,1.607629625190873,0.12392377245983643,0.8816523336536269,0.031221174386234975,21.76010441970825,6.675875995410386
323,13,4010.0430769230775,917.6938548287947,1688.1230769230774,287.7672505925743,1.5875936435531217,0.08136979627682472,0.8880769848930878,0.026326811897890125,21.815703563513384,6.500100157318994
324,14,3628.6171428571433,1253.116811402835,1543.9542857142862,404.60328784968567,1.6735373681704948,0.25628667162935936,0.8854863184036368,0.02106669064427332,22.590951130182237,7.518330645337746
325,15,3226.965333333334,862.2227288264263,1441.3653333333336,307.6293769644824,1.6981777541448717,0.2423758543143756,0.8786038078543208,0.027799378829988987,22.937319488195094,7.371039866301922
326,15,3467.178666666667,811.2698118371117,1518.5920000000003,277.6767383655558,1.6435015125203851,0.1769476185686404,0.8814785710987721,0.021013939234123872,22.51512446802051,7.197441459261805
327,15,3557.376000000001,658.5036601750974,1559.978666666667,231.7709572218995,1.643413614965083,0.12920080329490063,0.8706024356702411,0.03337445758661315,22.427528257910417,7.00077783690341
328,16,3259.4400000000005,725.247221849212,1451.0400000000002,255.8427016742905,1.7043285904412955,0.20645698241597213,0.883237435072578,0.02809873241141472,23.217385755268296,7.454816294626693
329,16,3424.7200000000003,506.85514459261447,1506.7200000000003,172.30142889715108,1.6706695395691655,0.1072612129921796,0.8808635812965251,0.031783387261775826,23.49582111863321,7.738754758581311
330,16,3538.9600000000005,478.2841264353231,1544.88,167.03906130004444,1.6580104764747488,0.1103784305158209,0.8810991646914172,0.030874648846626364,23.679525595771096,7.749443223224152
331,16,3582.880000000001,440.38554744678004,1559.1200000000003,151.45601605746802,1.6659858320920602,0.09510339754039378,0.8738490935428718,0.034642946375960264,23.765635264549587,7.6579278945390925
332,16,3627.9200000000005,434.6466408474821,1578.9600000000005,145.19114022556613,1.6623916732571162,0.10452726224252983,0.8764527719313577,0.036635455522596456,23.84727926419249,7.568889922883744
333,16,3660.2400000000007,397.1136744057047,1588.1600000000003,129.57471358255054,1.6590976643238888,0.09974739176760591,0.8704739418593537,0.03785356539981221,23.809264293854646,7.387764544583461
334,16,3670.640000000001,364.21081367801276,1597.7600000000002,122.24041884745,1.6532427190380392,0.08412732803154226,0.8645677896618514,0.037452511382686786,23.828516769077076,7.396973232795733
335,16,3684.1600000000008,384.02146606667714,1604.0800000000004,131.178315281147,1.6539933332588275,0.09484825773982446,0.8650832935138612,0.04279797263353565,23.722156528987934,7.331795501866163
336,16,3727.2000000000007,364.87125619867635,1619.4400000000005,128.9629528197924,1.6287781453175203,0.08275177959114557,0.8666445458932536,0.04461006921981826,23.839627052781708,7.284559791973418
337,16,3731.120000000001,359.03927807414055,1627.3600000000004,132.23774952713015,1.6231179734277499,0.09666822690986611,0.8611998876709995,0.04690687560939999,23.88634384286538,7.287459903532473
338,16,3746.8800000000006,372.73654395564716,1621.4400000000003,125.67365992919919,1.6099907305057497,0.09903723413404204,0.8661355436017768,0.037531046316546614,23.98167821713114,7.252182081166837
339,16,3775.040000000001,386.4735002558391,1633.8400000000004,132.68078986801368,1.6066483084963603,0.11286715166802709,0.860698985625806,0.03637297236457068,23.744483546502995,7.122420816554208
340,16,3779.2800000000007,444.5319408096567,1643.2800000000002,159.48089791570652,1.6106902053061953,0.09594131364437487,0.8500531185351812,0.052830421642604874,23.706523486440965,7.109224265906149
341,16,3800.1600000000008,432.1158659433834,1645.2800000000002,148.46474059519997,1.6046007635969284,0.11086202252843591,0.8642919400465545,0.038241757378828345,23.771726270317007,6.972903765473182
342,16,3818.1600000000008,366.6031140075055,1663.4400000000003,144.30827003328673,1.5991964520206379,0.1227731243139803,0.865590014770903,0.031778186194349266,23.528335430374785,6.761384895074087
343,16,3863.680000000001,412.6136633704707,1680.0800000000004,151.38669954787974,1.6025013224066915,0.10371296996998368,0.8513785556710419,0.054888398143644365,23.233126814712126,6.593134691702028
344,15,4166.997333333334,1184.8152630542124,1771.5200000000002,385.94663921324667,1.5794602624642813,0.09514911213641615,0.8608657789452789,0.03278024079279776,23.1015797367063,6.4995206507874705
345,15,4211.882666666667,1178.3598584216772,1788.3306666666672,385.7991252014736,1.590481202996808,0.09425961243364181,0.8599704843243557,0.03659197668455,23.054081904224798,6.346664624030366
346,15,4260.949333333334,1222.010475413184,1795.5840000000003,388.17181317555776,1.5822531920426222,0.09042910750550406,0.870119250556236,0.027752515101195325,22.95641434362291,6.211404647889657
347,15,4322.133333333334,1285.373056979525,1816.3200000000002,412.6626831040902,1.5930779994217448,0.10133677239322877,0.8680191257508106,0.025929225956738085,22.92626774475469,6.0682265412152905
348,15,4338.176000000001,1309.9498737524277,1827.7546666666667,423.7199492411101,1.5942609620690373,0.09846397995892883,0.8649295226046624,0.027628332104824384,22.89082822300903,5.969844048392966
349,15,4401.322666666668,1346.0947123461347,1844.6506666666673,441.1789121504135,1.6077020213232645,0.08821119383707647,0.8709828639332468,0.029802914313499497,22.843783301327942,5.922514364431364
350,14,4676.845714285714,2567.4390283084886,1920.1828571428575,766.8619159314945,1.6034825267392638,0.09296142696043465,0.8624857413092506,0.03603909675738311,23.190381274139195,5.912160492728559
351,14,4696.96,2671.730934613632,1912.3200000000004,795.0688710509837,1.6116912914199133,0.09539824894996159,0.8647465489001179,0.034991939047381126,23.298219415289047,5.743025137403413
352,14,4747.428571428572,2675.7867611571137,1932.6171428571433,812.1284579198451,1.601914951495299,0.09123998328579407,0.8684161852274972,0.03118843744225552,23.172004034012307,5.581801506938249
353,16,4223.120000000001,1743.385122799894,1756.0800000000004,583.470921983264,1.6362506374802306,0.11754959007781304,0.881908095125076,0.03501053387663211,23.490698604596048,5.359174303507785
354,17,3900.009411764707,1037.2786004590293,1648.7905882352945,351.9949025110614,1.68427072757327,0.20558435096130434,0.8876763473076233,0.02091009902639565,24.25048060649035,6.472193918035401
355,17,3828.1788235294125,944.560573549679,1627.858823529412,305.44771756115944,1.6925402207604592,0.17958867610500456,0.8838280519315154,0.028292668795116226,24.735712114181467,6.128623906906719
356,17,3830.28705882353,867.7546023655789,1645.9294117647062,285.0576625355688,1.6716240739234354,0.15353400940541959,0.8861928047657767,0.02784885193308446,25.122252943424215,6.186094204547501
357,17,3763.2752941176477,1126.5952746745531,1611.9717647058828,379.9044823022708,1.8213244340944192,0.3512301717786168,0.8850442601095379,0.036149860222116754,25.70288313269109,6.449285439111717
358,20,3250.944000000001,1200.611179185002,1426.88,390.1415800449884,1.7060588644288195,0.16900830553322854,0.8847626221997634,0.024190807208705492,24.901592763451568,6.920077792311731
359,20,3281.0240000000003,1118.8974211713962,1449.4720000000002,371.25238802733656,1.6976506732022578,0.13216563365285688,0.8848304044793727,0.027105713447130562,24.9324434277879,7.040165401844019
360,20,3448.000000000001,1220.5419092845605,1498.496,417.21522932894015,1.6724983470147081,0.18685530441025067,0.8854520170834457,0.03150269192087297,25.508234843524782,6.675454951702607
361,20,3501.6320000000005,1138.0775252046762,1510.0800000000002,382.994924666111,1.6558774350920327,0.17067712102775937,0.8953707777724654,0.017073697902188247,25.598396669151306,7.220340391226237
362,20,3391.5520000000006,1257.468395760307,1497.4720000000002,454.776254366914,1.6882804181144961,0.1868319505304066,0.8788317954209217,0.030649857722443854,25.976748545882543,7.1801701357140635
363,23,2951.0678260869577,1067.2348192243542,1336.2643478260873,368.80990833415024,1.7172740666279527,0.1741536067708634,0.8777590416410809,0.03606645171664138,25.412924728465377,7.409332183787233
364,24,2921.013333333334,1279.9081822623928,1309.0666666666668,440.07597566278895,1.768301408754288,0.2184561427959177,0.8916207567683728,0.019327524809322597,25.588391494983497,7.69305057020083
365,24,3001.653333333334,1180.9535714648378,1338.346666666667,399.9373462042385,1.7342690453229526,0.20243164550050602,0.8899121791678041,0.019894312320890107,25.516334551619636,7.4757859083116776
366,24,3107.5200000000004,1183.7466395587644,1380.5866666666668,396.7898349952473,1.698266572025834,0.20531330434594075,0.8857572106232016,0.026804751806768858,25.444868617485966,7.429316374389568
367,24,3038.9333333333343,1130.4138585295018,1355.7866666666669,379.81218282490926,1.6969193707205692,0.19670939700486761,0.8860680640840434,0.02150089752601751,25.469099638866172,7.289509557291306
368,24,3108.5866666666675,909.1425395148749,1385.3333333333333,316.6039483153818,1.668857181712255,0.14787531600118264,0.8913360158391437,0.021434438831052963,25.942348612004384,6.595671248182688
369,23,3213.6904347826094,790.215813534936,1425.307826086957,262.4196457212979,1.6736862216767912,0.147285374907675,0.8887414394968005,0.021663650502693865,25.635507974141632,6.252494298494436
370,24,3087.733333333334,1197.7798757516157,1404.8000000000002,459.19721253509374,1.6663542045232782,0.15433089060384625,0.8732342817361717,0.04798150632458729,25.105480684223547,6.683040285868497
371,23,3298.5043478260873,1394.6323078077235,1466.156521739131,479.5682901963128,1.6928608855423195,0.20795229062632722,0.8760410094102532,0.034286709896569914,24.834141873737057,6.812255255724925
372,23,3352.7652173913048,1244.8173813084238,1480.9043478260871,412.9129460818177,1.7316949339501344,0.2675931013620637,0.8744752389200541,0.03092947895590582,25.22130821552638,6.678131289161301
373,23,3375.6939130434785,1253.2550426085743,1491.3113043478263,413.4989927888933,1.7221158055873487,0.25796781024243903,0.8702019819998611,0.0320929962691519,25.123751296313927,6.5754457022323685
374,24,3265.706666666667,1118.4507176546595,1457.2266666666667,359.9086303802984,1.6968612096847757,0.2282932944437591,0.8715494389827051,0.03214011545527362,25.3465332961652,6.497210271992341
375,25,3164.160000000001,1077.1154291049777,1423.1552000000001,338.0525664818418,1.6382402741219295,0.17825670568836854,0.8682663456005254,0.0319447176886565,24.925659732344357,6.942720166008369
376,25,3177.113600000001,1055.664063394715,1424.2816,327.8270709954259,1.6312468901745583,0.1687773434803719,0.8679756995761145,0.02958045050096959,25.00094844700715,6.996637148960311
377,25,3219.6608000000006,1109.1115358661457,1434.8288000000002,339.15014492486955,1.6230198683204993,0.16257885106963493,0.8667891538165113,0.03175342492509082,25.06737910387584,7.0127166717829095
378,25,3261.2352,1075.2852494965978,1448.2944000000002,323.095148711088,1.6202939241810475,0.16499468732001596,0.8722356753085715,0.029422817193148754,25.25159690095653,7.086773528897002
379,25,3180.9536000000003,921.6120404546807,1437.5936000000002,306.2188748575764,1.6109749103074429,0.18059265173094682,0.8746126923327376,0.02379110157416667,25.422876842757827,7.080239771599693
380,24,3216.8000000000006,1067.4426390834,1452.8000000000002,346.1747319875712,1.6848140631160973,0.22840456507014337,0.8711947758164978,0.020512981354934262,25.457198002414003,6.858314395125488
381,27,2846.8622222222225,1012.9523357048331,1308.634074074074,337.2718629462793,1.7189286019124177,0.22526686360375767,0.8759356299420774,0.022451577224236935,25.547948650660583,7.193446571663313
382,25,3023.360000000001,951.1245830489297,1379.6352000000002,311.3237208709931,1.7755575009192557,0.34426793367872116,0.8749318815525261,0.03414217046555245,26.06004376552452,7.029726670794871
383,28,2788.8000000000006,968.1158580016578,1291.7942857142862,313.74948873525307,1.731617029362009,0.24384351310307062,0.8757815251830142,0.027896121668833054,26.11479929572467,7.1212153094716415
384,28,2901.9885714285724,919.9194870892403,1341.7600000000004,295.5506705408446,1.6645092901389404,0.17664945160479645,0.870367034352315,0.027331649685773556,25.7882289702355,7.292723177886492
385,28,2971.52,935.3520941946331,1358.5371428571432,297.95404351842524,1.656152556725308,0.1789646015262356,0.8787037867121057,0.02651324876549976,25.858124150714037,7.399694167112583
386,29,2871.52551724138,928.0330519514852,1328.9489655172415,306.2590933579722,1.6328164498786235,0.17639725213319635,0.8670131455923782,0.05431347768685471,25.805201831189915,7.355849234897896
387,29,2902.7310344827597,1042.5944118543723,1338.791724137931,352.6812206616227,1.6539176428551825,0.17025436462059487,0.8680450033109087,0.05108551776138485,25.74293383233755,7.251816998866946
388,29,2929.213793103449,766.3682959590185,1355.7406896551724,242.87457143101716,1.6006062585651208,0.1451718534103774,0.8682360679823823,0.035275821771909556,25.987332499527966,7.316513192211355
389,28,2987.7028571428573,715.1274948409908,1376.7314285714292,229.16581915588495,1.6022135158978095,0.13230745542783567,0.8712152067153774,0.031517338313088256,25.803433344131527,7.282937012211351
390,28,3069.394285714286,878.8925840894022,1412.4800000000007,298.5728614593095,1.6041590127782606,0.15825635406943883,0.8656993211335127,0.031570045255838126,26.118181864271374,6.878584712457676
391,27,3192.8888888888896,958.3112745261589,1469.771851851852,345.22801908772897,1.6112183433305376,0.17364921096533206,0.8566804117183088,0.05470347177108014,26.40278626230347,6.664777643703832
392,29,2981.914482758621,783.9867973359924,1385.401379310345,247.0589296130496,1.5912316250587057,0.15893916273734338,0.8575144893345148,0.05351752253326024,25.8352266204322,6.932708690759509
393,28,3138.240000000001,842.9771242447805,1434.5142857142862,275.84240919446034,1.6130949254709694,0.20550299458879928,0.8673700310563363,0.03673882944370123,25.780513330638477,6.842036875383051
394,28,3173.8514285714296,829.9953293401902,1443.9314285714288,275.08450542793327,1.6247536540689569,0.178569187636736,0.8696601791056741,0.0318939807930348,26.224762591526535,6.758523114507746
395,26,3429.3661538461547,1922.4236770427167,1531.6676923076923,681.5861160349423,1.6195062214142646,0.15410559414985542,0.8725660183634201,0.04665239760472856,26.101600104947543,6.74103684206
396,28,3210.788571428572,1091.025544017169,1451.108571428572,373.13576891101775,1.6159458399327702,0.14876541447682243,0.8727565670554165,0.02980302872816523,26.083592725495226,6.393538888389226
397,28,3252.57142857143,1522.5560580196207,1461.211428571429,519.7568335681759,1.5676510163462611,0.1356592424946136,0.8714966571839714,0.034910522641681006,25.85353573185039,6.637513706216181
398,28,3262.9485714285724,1158.182422683165,1473.462857142857,392.034157612183,1.5665044595811783,0.11910186496538853,0.8703960448602591,0.03307794939878166,25.87038742229657,6.593993182065056
399,27,3267.9822222222233,1068.6071073072903,1474.4177777777784,382.78259697014687,1.6072416613118152,0.17225356562732727,0.8792332038988058,0.026968205093006972,26.26797567820195,6.365912593392977
400,26,3425.1323076923077,1208.8724331385704,1543.8276923076924,444.8034109953926,1.6151801520548272,0.17372624594502592,0.8733080587422944,0.0315414693452341,26.15075000946019,6.550369958796277
401,27,3308.420740740741,887.6521388969558,1496.1303703703704,334.9659801131993,1.6109198699096337,0.16899180791628127,0.8745661674760475,0.03051800002782151,26.25651963123258,6.387011743216828
402,27,3232.3792592592595,1336.5498795805786,1469.5822222222223,495.49936470664767,1.6281190571868385,0.2481709571525034,0.8703580368551711,0.03620190802487855,26.44681925296084,6.63889432134727
403,27,3297.564444444445,930.9989421059885,1486.7911111111114,339.7164072764805,1.6260260768311536,0.2230959285837453,0.8766199144359456,0.028579015429277054,26.446553747820296,6.2554118024297
404,28,3197.0742857142864,929.3680781332343,1452.9828571428575,332.89312354886886,1.5972409716585665,0.19611420467903148,0.8755944959741316,0.028063618224505406,26.745285992677953,6.552469086912538
405,27,3328.0000000000005,955.907730120279,1486.8859259259264,342.29697718078916,1.6322640633902847,0.23148214299259232,0.8780995803633961,0.03198594053109177,26.60418148153956,6.5005749223557485
406,27,3355.117037037038,956.4827561467254,1501.8192592592595,335.27798869468756,1.6325827662930517,0.2532261925656282,0.8752911011084199,0.030614247694817187,26.645781188210456,6.505371046474938
407,27,3351.277037037038,965.8193540118224,1498.2637037037043,335.64909140955587,1.6413555652847875,0.25857724011338706,0.8757279722723725,0.03260808993121056,26.479567596705024,6.483359114078125
408,26,3346.215384615386,1121.948311277618,1505.4276923076927,395.60591778559416,1.634995686391066,0.2595233879496603,0.8698820255350124,0.030477347925101764,26.087905809464097,6.271142567521448
409,27,3284.954074074075,908.3425134184804,1490.2992592592593,328.35704403868317,1.6235818667300903,0.2601414622519115,0.8696678971326799,0.033383139232576554,26.264325834479884,6.442392177191972
410,28,3197.3942857142856,914.6031848817927,1468.2057142857145,325.85123296450763,1.5898597670558288,0.2222900502381283,0.8647603241839438,0.03297526995228237,25.679811615348246,6.625856789218449
411,26,3445.0707692307697,1169.4551902518972,1547.076923076923,418.02835279963824,1.6093680704360867,0.24599396053354272,0.8705419242164455,0.03541244461251544,25.958305221504798,6.4036487229230925
412,28,3232.64,911.4223092664408,1478.2171428571432,321.62143983768453,1.5728834194052028,0.22423503641104348,0.8675065018033211,0.0397232824309095,25.8772163730973,6.595781242015183
413,27,3331.081481481482,1106.9684609903911,1508.7881481481481,411.3800716561632,1.5999623990633183,0.22266086569871435,0.870310965390454,0.03544213305076718,26.000180842804166,6.5288201993382025
414,28,3211.3828571428576,1066.7241618246062,1462.491428571429,355.85059446862465,1.5969184597344104,0.21428979960239536,0.8683401493649076,0.02551178937976706,25.994721729367797,6.717972279422448
415,28,3183.405714285714,1108.9581275472315,1454.354285714286,373.51982218798906,1.6099573362194914,0.226891333622067,0.8706853803944689,0.03099168694618847,25.957585743397733,6.805169180758484
416,26,3206.5969230769238,1299.5478036217928,1464.2215384615386,450.5633458724611,1.6476991601992155,0.25955955523049135,0.8639919501572456,0.04481306212649666,26.53994939506651,7.220305273633941
417,25,3587.84,1857.536705622799,1607.6288000000004,690.2109883119509,1.6628601504978497,0.19709000758378928,0.8590822613880591,0.052470356409587735,26.764942205745132,6.877049982805501
418,28,3212.662857142858,1661.6171893817723,1461.1200000000003,593.5476172497513,1.6608317970406754,0.18974202576981794,0.8649301113826794,0.034775476198901124,26.316114536778997,6.8221596011230075
419,32,2884.4400000000005,1139.077026368279,1358.1600000000003,427.1394638756762,1.6822983918761454,0.2213504977572668,0.8510374636584784,0.05078394690607885,26.279633005552935,6.943824668334251
420,31,3013.2851612903237,1201.1721989088103,1397.883870967742,432.82007077125604,1.6570531136643383,0.18711315544009607,0.855425460421331,0.032429485240266134,26.23826854684483,6.8577760549173545
421,29,3226.085517241381,1387.3322550693356,1474.8689655172418,486.9625094564995,1.6857921155953366,0.3125499555530179,0.853966590297258,0.041552511273924155,25.58570307262967,6.828592438615932
422,29,3196.866206896553,1189.7650316283518,1475.2662068965524,428.5229728233209,1.689363862903005,0.22198091268923786,0.8534372752069807,0.04400964279571399,26.302554202598518,6.877816120166578
423,29,3256.0110344827594,1192.2322909461866,1501.44,452.45195250339896,1.687198557444142,0.24282135024043983,0.859207970433161,0.04985194356867686,26.427423322629135,6.97082362830448
424,31,2999.494193548388,1194.2403561848341,1399.7419354838714,451.3751966931749,1.6520964213065612,0.22086083754641092,0.8610259188729368,0.034678589962502684,26.882290133830686,6.969498309903976
425,30,3018.6240000000007,953.3671175141997,1418.4960000000003,381.59494302728916,1.6983969210658718,0.26582581445366943,0.8573265279174989,0.0377039119828117,26.88156437187497,6.721369250086682
426,32,2841.5600000000004,969.6346124185131,1345.3600000000001,367.6054841810716,1.6875334937990294,0.24548544071957917,0.861682560890858,0.03406717034335311,26.460187425718377,6.999018443310442
427,29,3144.4303448275864,1033.3922106527668,1475.3103448275865,413.936017398681,1.7108326736817994,0.26853455393805925,0.8439698471794456,0.04788696220320569,26.138505005437274,6.7822021428033015
428,28,3259.428571428572,1106.7758290952095,1530.3314285714291,440.34743151381775,1.735026212744984,0.2691067112857766,0.8444050936660823,0.04360872230362507,26.866676490966178,6.9172114054221
429,26,3500.9476923076936,1454.0904583339209,1629.6369230769235,584.7232449811636,1.7147082509281353,0.3156269653922594,0.8323683083774801,0.060245375340479024,26.51525360364129,6.987385432590297
430,29,3239.856551724138,1699.2901387065579,1507.619310344828,664.7082466763329,1.8097589816935975,0.36071023023928256,0.8408842851321098,0.05690889823254034,25.917530161606734,6.772197178779892
431,28,3402.422857142858,1738.9490567886469,1560.6400000000006,681.341386216505,1.6870506903900233,0.21993877440507684,0.8448529490989649,0.05930102065101554,26.33216235653962,6.316520718352204
432,28,3478.217142857144,1376.2334936206378,1613.3028571428579,563.1063131724719,1.7237629639371412,0.3202043040822177,0.8436377250366665,0.06524647035477371,27.010651494605266,6.524728982963505
433,26,3670.4492307692312,1670.9904095220875,1688.566153846154,657.7176839944731,1.7325753647687612,0.2565110721455695,0.8338230614764875,0.06846392534350206,26.65591207553625,6.528128186545897
434,28,3451.0171428571434,1772.157584332196,1578.0114285714287,680.4377850310484,1.7191367676490366,0.20055261845321698,0.8454401927029432,0.06227335031965656,26.863194175395797,7.120970247510382
435,26,3667.2000000000003,1791.2561093352258,1695.3600000000004,744.5008153945013,1.7373433886138432,0.25950245435629227,0.8291500394290465,0.06923173827653445,28.220396048088553,6.916778682758997
436,23,4091.436521739132,2311.3020466557073,1850.713043478261,908.6078859749979,1.7289261811398853,0.27982231178578976,0.8210200725456085,0.0829371490376969,28.288473134052285,7.10747477064107
437,24,3928.1600000000003,2097.8737375415776,1794.5066666666671,796.2224609296633,1.7129301885764947,0.23971547460042691,0.8215032737140485,0.07561549092894722,27.777708043036615,7.064953759563038
438,25,3881.7280000000005,2464.947150946649,1780.8896000000002,948.0348645929854,1.7536507491301643,0.2623685416052744,0.815308779071147,0.08222937581010764,27.21840213717885,6.497236872749915
439,23,4038.5113043478273,2605.123238756086,1856.500869565218,1038.032872252852,1.7316269611760056,0.28355107589528594,0.805111157325542,0.07704274986567532,26.823284378943136,6.5620097515159586
440,26,3585.4276923076927,1968.0322143320018,1698.1661538461542,852.7789372267088,1.879833176891874,0.33605339070616747,0.823923908299533,0.0755252239505122,28.054552800979767,6.7286208379276715
441,24,3919.093333333334,2747.142080797586,1810.133333333334,1137.419412451811,1.7682927764911414,0.3497742720933105,0.8192133717867106,0.08433088745492597,28.523470566601983,7.17600345970217
442,28,3383.6800000000007,2018.8407160546376,1614.8571428571431,837.6411720968814,1.9057999853941325,0.4772863233522468,0.8258582177988977,0.08121821042583253,28.380844117139766,7.457567189661758
443,29,3484.777931034483,1851.9113565316493,1652.4358620689657,777.360554473819,1.7895826053387225,0.35801009160148733,0.8268292432061103,0.08793258495138562,29.516620511292874,7.010501118771093
444,30,3389.056,2390.0892705135516,1625.0453333333337,1082.16717573498,1.7405135896314177,0.27689845241741895,0.8282188271573909,0.07963514171483277,29.4218095246626,7.591695570827649
445,32,3138.9600000000005,2179.1322970393517,1514.3200000000004,966.4928134238766,1.8685708987565022,0.4077631974479428,0.8149982045310079,0.09061342874280313,29.319384638390666,7.444392459937434
446,34,3009.1294117647067,1359.0921819598407,1479.8682352941178,572.7580089381277,1.7799667409165927,0.347977742827238,0.824252282765121,0.07149604303224465,29.662104745481866,7.526278787952035
447,32,3208.0000000000005,1459.460643388509,1550.2400000000002,611.1310327581149,1.778718835873998,0.40031578599427425,0.8292236563165514,0.06351690915939602,30.352230393271803,7.425360664967349
448,32,3270.9600000000005,1725.4101165809827,1593.2400000000002,783.7940780587719,1.7498850622240445,0.3728960970232238,0.8320611181770015,0.08145726323543692,31.249254500420633,6.952896084448509
449,32,3307.76,2107.4430702631093,1612.6000000000004,935.8478705430708,1.7362657209260466,0.25906906904191357,0.817350964960535,0.08514815811218063,29.25635049508712,6.121793586186867
450,34,3185.242352941177,1748.5264997084548,1540.103529411765,745.8501109231091,1.815666998860943,0.37462949921040234,0.8230650987960423,0.08347937786209551,28.639263898208917,6.759505384591657
451,34,3230.5317647058832,1551.875825946042,1560.2070588235297,650.9091040163363,1.7086690248078322,0.2754031072667035,0.8265310376357201,0.07220334654557302,29.710748821898697,6.98587692867865
452,34,3160.9223529411775,1743.7199382507754,1534.9835294117652,762.9425812096463,1.8150995539898052,0.4201169903041593,0.8245495811563535,0.07927047925371065,29.71851286813759,7.416338286349487
453,32,3383.4000000000005,2492.2290947663705,1602.3600000000001,999.6828224992166,1.8254225639390278,0.2999614953784682,0.824395444073316,0.0833901176568158,30.01000050934043,7.279216883080688
454,28,3911.6800000000007,2934.5899798292585,1814.8571428571431,1245.6667520157835,1.8642098014655935,0.45597486007366345,0.8348242213877075,0.09931355831868739,31.93180752406698,6.76117244103116
455,29,3749.9586206896556,2047.3715525668924,1786.1296551724145,944.8854490049365,1.821974368831591,0.4075637807213842,0.8231356488296001,0.09769835847474885,31.815804634527392,6.523304422366278
456,31,3547.747096774194,1894.6478481172812,1689.8064516129039,809.0251404903767,1.704303345178782,0.2726597229272263,0.8165198098540235,0.08301621135678232,31.47174345359396,6.470673893431998
457,30,3609.514666666668,1691.3812649542454,1705.2160000000008,740.3089189863018,1.72897584198491,0.28473265782822865,0.8254360695902377,0.09369620621404426,32.41571281326357,5.698822246544888
458,32,3362.1200000000003,1870.9196365424148,1597.1600000000003,788.8351625022812,1.7485302829335247,0.3561279648649646,0.8312231912775749,0.07430064550838482,31.293323226413932,7.344478425241817
459,30,3673.3866666666677,2389.9457900760476,1726.9333333333336,972.1001880510513,1.8320735002060962,0.33788863154556786,0.8250796863511956,0.08414194293547607,32.35540834401879,6.171447261640769
460,30,3673.642666666667,2541.6362469125197,1719.5946666666669,1059.1291494799975,1.7941279572887288,0.3345592277536553,0.8317083676251928,0.08186970221243497,32.97432140980514,5.968315629579247
461,29,3840.8386206896557,2460.210390116967,1791.2055172413798,1029.2932659792593,1.7724660787622133,0.3548011099568958,0.8325141328339514,0.09233983307991933,33.33211092420912,6.471420779945823
462,30,3730.986666666667,2479.3569620815447,1748.4373333333338,1035.4470834923866,1.754616259155432,0.32352113371534164,0.8279272612826322,0.087492689798086,33.837632498687896,6.049145591093319
463,31,3572.1496774193547,2176.938107436584,1698.3948387096777,948.3501155976132,1.6887691105942841,0.3178816103308338,0.8302813573494356,0.08600297389504889,35.09639306200862,5.859283908625792
464,33,3349.95393939394,2034.6919647052225,1604.5769696969699,871.3127495301833,1.7830874058597181,0.42209937099004463,0.8398090190500835,0.0764757604981081,35.13130613383939,5.673703897863593
465,30,3767.594666666668,2412.9334215041154,1774.805333333334,1024.9802605830462,1.7384195233673172,0.35429309074176035,0.8319636032598414,0.08913493845970345,35.05445448163365,6.757657604187737
466,31,3675.788387096775,2271.9431394564444,1744.7225806451618,932.2759950163166,1.7345936207821284,0.31773309366488667,0.8246367230074386,0.09076984326977745,36.01998122607981,5.949006805204756
467,31,3760.268387096774,2421.3521515628504,1793.6103225806455,1017.6935075199622,1.7057709454336496,0.26921284808756346,0.8208195331170356,0.09561966728704459,36.36209459737232,5.526358738342455
468,33,3477.449696969698,1320.6106761152607,1667.8012121212123,564.2924487852966,1.72051290902406,0.2694356356442913,0.8255936561713749,0.08635642471075558,36.109734450941595,5.909547238235309
469,36,3267.448888888889,1706.4238979185843,1566.577777777778,778.5354864641373,1.7128385621888507,0.3198147436021415,0.8298154667522907,0.08463334257344192,36.10558496418353,6.124585763808222
470,29,3934.8082758620712,3147.8504594614265,1856.5296551724143,1355.5495507204828,1.7740650978368322,0.4268646001775652,0.8229092792633746,0.09648700937759033,33.15394792331065,7.54983120096161
471,26,4275.298461538462,3435.839029975841,1968.7876923076926,1361.8342750081533,1.8524106177858937,0.46057758237632196,0.8260835731338347,0.0997993080206017,31.88642419854685,7.310709033209656
472,29,3904.5737931034487,3429.188061137962,1834.5489655172416,1409.1407704289652,1.709086846762301,0.3112849415573214,0.8253193684417645,0.10912606650776033,31.226924211310838,8.737794737852767
473,28,3969.600000000001,2577.96207370972,1863.6342857142859,1076.1836307308627,1.8194419363749808,0.43828159054118104,0.8269088355925588,0.09142648878926728,32.16998903847199,7.883683525312444
474,26,4166.449230769232,2300.1649444616314,1946.3384615384618,897.3765723043533,1.72209128607338,0.37638491794162093,0.8126641197008649,0.08936188155712965,33.01224032318787,6.939384950327434
475,27,4073.244444444445,2529.956888482539,1929.1496296296302,1024.4907093101558,1.8293185201750821,0.4636280747324842,0.8014943856789555,0.09356030133243572,32.71161206849155,7.404323575102165
476,28,3943.268571428572,2377.8734468513708,1871.2228571428575,960.3929612063461,1.7686876511017016,0.43211202741976856,0.79090130194562,0.10067308240887653,32.46746377198894,8.104515889485153
477,26,4204.75076923077,2549.4519302495696,1947.7661538461543,1041.5057362339799,1.6582366503133827,0.21255995394381183,0.8280412902975184,0.07159074621548035,35.36949911175833,5.59653199595729
478,29,3849.5337931034496,1867.5253874882665,1820.5131034482765,796.0859056101034,1.615480421352236,0.25779488057913935,0.8262093950908471,0.0704593308871019,35.19566997046789,6.198713621405556
479,28,3879.497142857144,1811.7260325029777,1851.3828571428573,802.56162874554,1.6620108282494652,0.28464220790226896,0.8205344201574432,0.0796986384700405,36.26611347459214,5.351316229321382
480,28,3749.7142857142862,1474.5736698629412,1801.3257142857144,635.5025387575938,1.7323921189282327,0.41527345922746745,0.8206065525373971,0.07180478546139929,36.156900567116665,5.931845722934835
481,26,4060.06153846154,1833.0618939646656,1925.6615384615388,796.8120148330149,1.6185635248348051,0.22104922329679463,0.8070490634274409,0.10105883984005437,36.550128285543494,6.326373634981624
482,28,3655.4514285714295,1730.7606664241066,1738.4685714285717,724.4178916191671,1.6742396748327324,0.24867944591480565,0.834767690593513,0.07244116841249645,37.27054593511457,5.844303770447266
483,27,4010.0029629629635,1752.5689504031354,1891.318518518519,749.4196671089286,1.6708304991231582,0.21178170747312122,0.8245176973875302,0.07265017041282246,37.30277398107153,6.606014953539899
484,33,3411.898181818183,1761.8629082179668,1657.05696969697,760.404560076251,1.7190549127055736,0.27182142504878626,0.8244078371077955,0.06597179775367228,36.12142078024271,8.334234523114013
485,30,3720.3626666666673,1630.750768382329,1773.3973333333336,679.7998525003927,1.7168826418286918,0.37158880336061584,0.8286359409799553,0.07004956782597427,37.16890832645479,7.138851559466457
486,34,3333.195294117648,1651.0912851740984,1617.5811764705886,650.7699782825804,1.6864866055791796,0.25005007179299765,0.8240127567540466,0.06140556539084,37.01425204704834,7.403665789890277
487,33,3316.790303030304,1925.5001824547414,1603.6848484848488,783.0385243362387,1.6969676673209655,0.2580264396697827,0.8223613001077849,0.06775449820970793,37.64191103642513,6.833880612412653
488,34,3311.6988235294125,2162.3375836617797,1618.6352941176472,961.6334559984392,1.733814236378965,0.3084418264850269,0.8283196067224308,0.06828391393375148,38.88304130258466,5.447821900816638
489,29,3593.842758620691,1639.7029682208881,1703.7241379310344,670.3915369678008,1.7874391770664002,0.3524340935245635,0.8287769236806821,0.07332749724875179,34.57617931676465,6.695677923499005
490,31,3606.296774193549,1308.2353374862105,1743.0296774193553,563.7037951052175,1.7654149973152207,0.38316288292296324,0.819214882378493,0.07664396694654885,34.90227641970019,7.169019304237181
491,33,3401.8133333333335,1724.6135934203064,1646.9721212121215,732.548961134433,1.8004645646903241,0.38899560454985405,0.828265035198632,0.07350830875998411,32.3190837049555,8.740864632699033
492,32,3413.6800000000003,1772.875000218572,1680.2000000000003,768.2977162532765,1.8384725013924774,0.47538131214933593,0.8229243008331363,0.08397405327782397,33.7396584478006,7.80638172105162
493,34,3116.2352941176473,1432.4001766106867,1561.1105882352947,607.4600214438768,1.793323444384801,0.3836158106496566,0.8081166071367936,0.06789474854338597,34.37589458325715,7.617006575683701
